date,eth_open,eth_high,eth_low,eth_close,eth_volume,btc_open,btc_high,btc_low,btc_close,btc_volume,tvl_total_usd,tvl_uniswap_usd,tvl_aave_usd,usdc,vixcls,dtwexbgs,fear_greed,fedfunds,gtrends_defi,gtrends_crypto_crash,gtrends_ethereum,eth_log_return,btc_log_return,tvl_log_return,eth_vol_30d,btc_vol_30d,tvl_vol_30d,tvl_drawdown,event_luna,event_ftx,event_svb,usdc_depeg,usdc_deviation,usdc_depeg_severity,fg_norm,gtrends_norm,sentiment_composite,sentiment_z,vix_change,dxy_log_return,ffr_change,event_day,event,tvl_indexed,eth_indexed
2022-04-09,3192.39,3268.4,3181.28,3258.57,212444.2566,42252.02,42800.0,42125.48,42753.97,17891.66047,151927995834,7646106144,13443700443.0,0.9998,,,30.0,0.33,12.0,0.0,55.0,0.0205185962614118,0.0118101299320372,-0.0176115869829496,0.5354864693301749,0.464088766385661,0.3409944542016763,-0.0673665601305884,1,0,0,0,-0.0001999999999999,0.0001999999999999,0.3,0.2233333333333333,0.2616666666666666,-0.6237898138606137,,,0.0,-30,LUNA collapse,120.59679896102695,146.21929057010163
2022-04-10,3258.57,3307.22,3193.0,3203.04,232303.2326,42753.96,43410.3,41868.0,42158.85,22771.09403,153468433976,7773161287,13672892402.0,0.9998,,,34.0,0.33,10.0,0.0,49.0,-0.0171880899954096,-0.0140174297468784,0.0100882070388446,0.5342050359297891,0.4622133879803441,0.3263358775297174,-0.0579103429574926,1,0,0,0,-0.0001999999999999,0.0001999999999999,0.34,0.1966666666666666,0.2683333333333333,-0.5696647771174851,,,0.0,-29,LUNA collapse,121.81956180932814,143.72753584169078
2022-04-11,3203.04,3213.63,2950.0,2979.74,693394.2912,42158.85,42414.71,39200.0,39530.45,63560.44721,151538338236,7683614069,13570686013.0,0.9999,24.37,116.5401,32.0,0.33,10.0,0.0,49.0,-0.0722643104524599,-0.0643733658182636,-0.012656253430804,0.6024030261194013,0.5182892844735608,0.3292356604697811,-0.0697585334071336,1,0,0,0,-9.9999999999989e-05,9.9999999999989e-05,0.32,0.1966666666666666,0.2583333333333333,-0.6508523322321776,,,0.0,-28,LUNA collapse,120.28749810602861,133.70756770097145
2022-04-12,2979.75,3085.0,2950.0,3027.66,579522.9505,39530.45,40699.0,39254.63,40074.94,57751.01778,144289221672,7211679792,12840643663.0,0.9998,24.26,116.3866,20.0,0.33,10.0,0.0,49.0,0.0159539955450668,0.0136799402987624,-0.0490188814967365,0.5961805086229138,0.510442802102546,0.3774398466983067,-0.1142583537331032,1,0,0,0,-0.0001999999999999,0.0001999999999999,0.2,0.1966666666666666,0.1983333333333333,-1.1379776629203324,-0.1099999999999994,-0.0013180113934648,0.0,-27,LUNA collapse,114.53332325421952,135.85784478696908
2022-04-13,3027.65,3128.97,2996.86,3118.28,419101.494,40074.95,41561.31,39588.54,41147.79,41342.27254,146191016975,7313472923,13130819485.0,0.9999,21.82,116.2796,25.0,0.33,10.0,0.0,49.0,0.0294915238244127,0.0264190184253026,0.0130943329261382,0.5964683535612195,0.4900179768945725,0.3754644633925392,-0.1025838898818039,1,0,0,0,-9.9999999999989e-05,9.9999999999989e-05,0.25,0.1966666666666666,0.2233333333333333,-0.9350087751336016,-2.4400000000000013,-0.0009197726832976,0.0,-26,LUNA collapse,116.04292274944032,139.924165937493
2022-04-14,3118.28,3145.0,2976.3,3021.98,408382.5572,41147.78,41500.0,39551.94,39942.38,36807.01401,148423215321,7437424655,13580285696.0,1.0,22.7,116.7558,28.0,0.33,10.0,0.0,49.0,-0.0313693220633271,-0.0297323041306666,0.015153653942758,0.610335908703973,0.5004516740897215,0.3747549715867813,-0.0888811959808362,1,0,0,0,0.0,0.0,0.28,0.1966666666666666,0.2383333333333333,-0.8132274424615628,0.879999999999999,0.0040869384036341,0.0,-25,LUNA collapse,117.81478825517522,135.6029705413834
2022-04-15,3021.98,3060.92,2993.13,3040.56,249626.2981,39942.37,40870.36,39766.4,40551.9,24026.35739,146106202324,7297972373,13210665605.0,0.9998,,116.7017,22.0,0.33,10.0,0.0,49.0,0.0061294632848087,0.0151447196010202,-0.0157339855215788,0.579553808314421,0.4766305035270501,0.38025163424804,-0.1031045377010503,1,0,0,0,-0.0001999999999999,0.0001999999999999,0.22,0.1966666666666666,0.2083333333333333,-1.05679010780564,,-0.0004634676630084,0.0,-24,LUNA collapse,115.97559891383354,136.43669650669716
2022-04-16,3040.57,3086.1,3010.03,3059.3,176352.4165,40551.9,40709.35,39991.55,40378.71,15805.44718,147131069653,7323110572,13337175281.0,0.9999,,,28.0,0.33,10.0,0.0,49.0,0.0061444226454431,-0.00427996933117,0.006990049355408,0.5784189685052493,0.4765765116313986,0.3655429159010736,-0.0968132314990031,1,0,0,0,-9.9999999999989e-05,9.9999999999989e-05,0.28,0.1966666666666666,0.2383333333333333,-0.8132274424615628,,,0.0,-23,LUNA collapse,116.78911401721305,137.27760202822463
2022-04-17,3059.3,3083.0,2981.7,2988.06,243772.074,40378.7,40595.67,39546.17,39678.12,19988.49259,147654282027,7389090383,13433615126.0,0.9998,,,28.0,0.33,11.0,0.0,45.0,-0.0235617842349646,-0.0175027636042262,0.0035497891630963,0.5655639083051589,0.4740964918555769,0.365611793919229,-0.093601411626917,1,0,0,0,-0.0001999999999999,0.0001999999999999,0.28,0.1866666666666666,0.2333333333333333,-0.853821220018909,,,0.0,-22,LUNA collapse,117.20442744996669,134.0809046240829
2022-04-18,2988.07,3069.6,2883.22,3055.56,510251.6536,39678.11,41116.73,38536.51,40801.13,54243.49575,145166969370,7199679391,13218876261.0,0.9999,22.17,116.8441,24.0,0.33,11.0,0.0,45.0,0.0223385344904537,0.0279098748430257,-0.0169890161335126,0.5705629796264386,0.4835113003417647,0.3565343410270714,-0.1088701640816209,1,0,0,0,-9.9999999999989e-05,9.9999999999989e-05,0.24,0.1866666666666666,0.2133333333333333,-1.016196330248294,,,0.0,-21,LUNA collapse,115.23005832331019,137.1097799017298
2022-04-19,3055.56,3131.0,3030.34,3101.77,359375.0038,40801.13,41760.0,40571.0,41493.18,35788.85843,148719712465,7328871569,13491165850.0,0.9997,21.37,117.1324,27.0,0.33,11.0,0.0,45.0,0.0150100344122713,0.0168192992773752,0.0241788171783138,0.5605613776366302,0.4810769295682291,0.3663880172985776,-0.0870611025227331,1,0,0,0,-0.0002999999999999,0.0002999999999999,0.27,0.1866666666666666,0.2283333333333333,-0.8944149975762553,-0.8000000000000007,0.0024643512994209,0.0,-20,LUNA collapse,118.0501405763271,139.18332548069372
2022-04-20,3101.74,3166.5,3036.45,3076.04,415000.0685,41493.19,42199.0,40820.0,41358.19,40877.35041,149693102211,7402222668,13659556993.0,0.9998,20.32,116.7306,27.0,0.33,11.0,0.0,45.0,-0.0083298608329563,-0.0032586092287824,0.0065238029361692,0.5612048534441695,0.4806745687805359,0.3631510200441707,-0.0810857994052123,1,0,0,0,-0.0001999999999999,0.0001999999999999,0.27,0.1866666666666666,0.2283333333333333,-0.8944149975762553,-1.0500000000000007,-0.0034362032074687,0.0,-19,LUNA collapse,118.82279400905816,138.02876309708105
2022-04-21,3076.03,3180.0,2942.31,2983.58,562699.697,41358.19,42976.0,39751.0,40480.01,59316.27657,149483617612,7373351665,13872667986.0,0.9999,22.68,117.1432,27.0,0.33,11.0,0.0,45.0,-0.0305191336950499,-0.021462195138858,-0.0014004073135079,0.5648036451832518,0.4717741093931624,0.3499113038074735,-0.0823717529326879,1,0,0,0,-9.9999999999989e-05,9.9999999999989e-05,0.27,0.1866666666666666,0.2283333333333333,-0.8944149975762553,2.3599999999999994,0.0035284023097878,0.0,-18,LUNA collapse,118.65651015905175,133.87987705009982
2022-04-22,2983.57,3034.32,2930.35,2962.39,452433.082,40480.01,40795.06,39177.0,39709.18,46664.0196,146762416810,7120297341,13407859174.0,0.9999,28.21,118.0186,26.0,0.33,11.0,0.0,45.0,-0.0071275467947714,-0.0192258767952012,-0.0183717385136496,0.5596889482022402,0.4730198232230324,0.3532135764460037,-0.0990762638466449,1,0,0,0,-9.9999999999989e-05,9.9999999999989e-05,0.26,0.1866666666666666,0.2233333333333333,-0.9350087751336016,5.530000000000001,0.0074451211344893,0.0,-17,LUNA collapse,116.49648623291542,132.92903457405038
2022-04-23,2962.39,2978.03,2913.89,2933.03,187576.7324,39709.19,39980.0,39285.0,39441.6,20291.42375,146144682521,7079532280,13272254151.0,0.9998,,,24.0,0.33,11.0,0.0,45.0,-0.0099603565921431,-0.0067612983566554,-0.0042179599351655,0.5530397694268936,0.4621711264307009,0.3513113779900152,-0.1028683210755498,1,0,0,0,-0.0001999999999999,0.0001999999999999,0.24,0.1866666666666666,0.2133333333333333,-1.016196330248294,,,0.0,-16,LUNA collapse,116.0061435712294,131.61158600883982
2022-04-24,2933.04,2967.06,2912.09,2921.0,218957.0222,39441.61,39940.0,38929.62,39450.13,26703.61186,145645454302,7051063380,13104700462.0,0.9998,,,24.0,0.33,10.0,0.0,43.0,-0.0041099949724494,0.0002162457340772,-0.0034218340040911,0.5530841038428109,0.4607232779741128,0.3498111073857113,-0.1059329105122101,1,0,0,0,-0.0001999999999999,0.0001999999999999,0.24,0.1766666666666666,0.2083333333333333,-1.0567901078056403,,,0.0,-15,LUNA collapse,115.60986818543286,131.07177312602363
2022-04-25,2920.99,3025.65,2797.01,3006.62,619198.3616,39450.12,40616.0,38200.0,40426.08,63037.12784,144673072859,7019441607,13241355728.0,0.9999,27.02,118.6271,23.0,0.33,10.0,0.0,43.0,0.0288905008160642,0.0244377786503293,-0.006698746295401,0.5609872571101653,0.4704393086936643,0.3497773356407664,-0.1119020240062178,1,0,0,0,-9.9999999999989e-05,9.9999999999989e-05,0.23,0.1766666666666666,0.2033333333333333,-1.0973838853629865,,,0.0,-14,LUNA collapse,114.83801511943814,134.91373314486995
2022-04-26,3006.63,3039.54,2767.0,2809.67,531184.3504,40426.08,40797.31,37702.26,38112.65,66650.258,147987530790,7166239627,13484359605.0,1.0,33.52,118.9624,27.0,0.33,10.0,0.0,43.0,-0.0677494854947828,-0.058928873224046,0.0226514919085051,0.5788732298915291,0.4676760231883486,0.356701245804278,-0.0915557126860285,1,0,0,0,0.0,0.0,0.27,0.1766666666666666,0.2233333333333333,-0.9350087751336016,6.500000000000004,0.0028225171785802,0.0,-13,LUNA collapse,117.46895232475958,126.07614816809136
2022-04-27,2809.68,2919.87,2794.46,2888.96,488951.2416,38112.64,39474.72,37881.31,39235.72,57083.12272,142223364997,6848195829,12775598752.0,1.0,31.6,119.4708,21.0,0.33,10.0,0.0,43.0,0.0278295370400392,0.029041308349954,-0.0397292041155278,0.5876691407238365,0.4822436457370563,0.3709699722533141,-0.1269399336256437,1,0,0,0,0.0,0.0,0.21,0.1766666666666666,0.1933333333333333,-1.178571440477679,-1.9200000000000017,0.0042645132513682,0.0,-12,LUNA collapse,112.89349577706724,129.63406699423393
2022-04-28,2888.95,2980.0,2853.83,2936.93,537392.9978,39235.72,40372.63,38881.43,39742.07,56086.6715,144375229726,6990092520,13052304970.0,1.0,29.99,120.0675,24.0,0.33,10.0,0.0,43.0,0.0164682423214692,0.0128227679696394,0.0150168577702314,0.5858814053457092,0.4847850594557519,0.373763393632612,-0.1137303800254388,1,0,0,0,0.0,0.0,0.24,0.1766666666666666,0.2083333333333333,-1.0567901078056403,-1.610000000000003,0.004982094589775,0.0,-11,LUNA collapse,114.60159438450283,131.7865876915483
2022-04-29,2936.92,2946.46,2776.63,2817.13,525978.147,39742.06,39925.25,38175.0,38596.11,51453.65715,144032693542,7027490775,12963820418.0,1.0001,33.4,119.4933,23.0,0.33,10.0,0.0,43.0,-0.0416461818741556,-0.0292588301525011,-0.0023753601577746,0.5997314207802025,0.4915765097567134,0.3679860907100387,-0.1158330912328762,1,0,0,0,9.9999999999989e-05,9.9999999999989e-05,0.23,0.1766666666666666,0.2033333333333333,-1.0973838853629865,3.41,-0.0047937817840733,0.0,-10,LUNA collapse,114.32969737768745,126.41089497655426
2022-04-30,2817.13,2841.63,2709.26,2726.66,367757.2469,38596.11,38795.38,37578.2,37630.8,35321.18989,140401372014,6826955441,12621629165.0,0.9998,,,20.0,0.33,10.0,0.0,43.0,-0.0326412192584562,-0.0253286301777147,-0.0255350485693244,0.6004663717824864,0.4866460949273571,0.3736986040573835,-0.1381245186247762,1,0,0,0,-0.0001999999999999,0.0001999999999999,0.2,0.1766666666666666,0.1883333333333333,-1.219165218035025,,,0.0,-9,LUNA collapse,111.44724144933076,122.3513046599807
2022-05-01,2726.67,2849.9,2716.13,2824.81,442544.8792,37630.8,38675.0,37386.38,38468.35,38812.24104,135815392900,6637379913,12322574965.0,1.0,,,22.0,0.77,10.0,1.0,44.0,0.0353636887436252,0.0220129612676668,-0.0332087052433687,0.5832533659410226,0.4900660211694667,0.3807470884301068,-0.166276258880287,1,0,0,0,0.0,0.0,0.22,0.1833333333333333,0.2016666666666666,-1.1109151445487686,,,0.44,-8,LUNA collapse,107.80700122754301,126.75551367481097
2022-05-02,2824.81,2894.22,2778.78,2856.54,521706.8567,38468.35,39167.34,38052.0,38525.16,53200.92628,138176943986,6790724560,12775359189.0,1.0001,32.34,119.8825,28.0,0.77,10.0,1.0,44.0,0.0111699965356387,0.0014757090645608,0.0172385081542086,0.5864954946110108,0.4905410550500787,0.372671453971381,-0.1517795132299989,1,0,0,0,9.9999999999989e-05,9.9999999999989e-05,0.28,0.1833333333333333,0.2316666666666667,-0.8673524792046909,,,0.0,-7,LUNA collapse,109.68154383564608,128.1793094164367
2022-05-03,2856.54,2861.47,2755.19,2781.7,371331.1796,38525.16,38651.51,37517.8,37728.95,40316.45358,138043869147,6829294645,12913095288.0,1.0001,29.25,119.7043,27.0,0.77,10.0,1.0,44.0,-0.0265488506376683,-0.0208838300694292,-0.0009635396245942,0.5812238693710364,0.4884870541670921,0.3724321675956616,-0.152596413658227,1,0,0,0,9.9999999999989e-05,9.9999999999989e-05,0.27,0.1833333333333333,0.2266666666666666,-0.9079462567620372,-3.0900000000000034,-0.0014875613586444,0.0,-6,LUNA collapse,109.57591222036966,124.82107199748714
2022-05-04,2781.7,2965.85,2771.74,2940.64,548738.0668,37728.95,40023.77,37670.0,39690.0,62574.61736,137927533627,6740599482,12750503977.0,1.0002,25.42,119.5592,21.0,0.77,10.0,1.0,44.0,0.0555649931376493,0.0506715625195411,-0.0008430984205008,0.6216778097232749,0.527249659994107,0.3702589346324894,-0.1533105571944529,1,0,0,0,0.0001999999999999,0.0001999999999999,0.21,0.1833333333333333,0.1966666666666666,-1.1515089221061148,-3.8299999999999983,-0.0012128888676128,0.0,-5,LUNA collapse,109.48356787500755,131.95306365125305
2022-05-05,2940.65,2954.65,2683.0,2747.97,734845.3194,39690.0,39845.51,35571.9,36552.97,88722.43355,142611890062,7028778968,13258505368.0,1.0001,31.2,120.0068,27.0,0.77,10.0,1.0,44.0,-0.0677647874650829,-0.082336825350552,0.0333984564339719,0.6520379939273102,0.5890693167483362,0.3943999762732329,-0.1245549125776312,1,0,0,0,9.9999999999989e-05,9.9999999999989e-05,0.27,0.1833333333333333,0.2266666666666666,-0.9079462567620372,5.779999999999998,0.0037367616509374,0.0,-4,LUNA collapse,113.20189765453503,123.3075318031904
2022-05-06,2747.96,2758.18,2632.95,2692.85,711449.3234,36552.97,36675.63,35258.0,36013.77,68437.80187,136851664532,6731232598,12651528323.0,1.0002,30.19,119.8577,22.0,0.77,10.0,1.0,44.0,-0.0202623449546493,-0.0148610761227884,-0.0412292864244802,0.6101866612500225,0.5669288868872957,0.4096370455393396,-0.1599149456049692,1,0,0,0,0.0001999999999999,0.0001999999999999,0.22,0.1833333333333333,0.2016666666666666,-1.1109151445487686,-1.009999999999998,-0.001243202051187,0.0,-3,LUNA collapse,108.62956879310128,120.83417468757712
2022-05-07,2692.86,2704.36,2584.75,2635.34,371271.4532,36013.77,36146.3,34785.0,35472.39,34281.70682,135722206187,6702682768,12640991706.0,1.0003,,,23.0,0.77,10.0,1.0,44.0,-0.0215879063878501,-0.0151467179208379,-0.0082874033844782,0.6064940126528414,0.56598136522421,0.3896083496636158,-0.1668482998936515,1,0,0,0,0.0002999999999999,0.0002999999999999,0.23,0.1833333333333333,0.2066666666666666,-1.0703213669914222,,,0.0,-2,LUNA collapse,107.73303184993219,118.25357295102197
2022-05-08,2635.35,2642.0,2484.0,2519.71,757615.3415,35472.4,35514.22,33713.95,34038.4,72445.64344,130662121135,6645682181,12449450182.0,1.0003,,,18.0,0.77,10.0,9.0,75.0,-0.04486839039133,-0.041265348325587,-0.0379954319290887,0.6208249057532353,0.5741605496189693,0.4009592550312346,-0.1979104125883707,1,0,0,0,0.0002999999999999,0.0002999999999999,0.18,0.3133333333333333,0.2466666666666666,-0.7455711465326526,,,0.0,-1,LUNA collapse,103.71645770642482,113.06499741984697
2022-05-09,2519.71,2530.78,2225.0,2228.55,1574924.9793,34038.39,34243.15,30033.33,30076.31,191876.926428,125980123140,6446556340,12020365767.0,1.0002,34.75,120.4972,11.0,0.77,10.0,9.0,75.0,-0.1227926657667798,-0.1237514803908422,-0.0364906216350758,0.7299514731644531,0.6988259097414153,0.4132875843234387,-0.2266515795574234,1,0,0,0,0.0001999999999999,0.0001999999999999,0.11,0.3133333333333333,0.2116666666666666,-1.0297275894340765,,,0.0,0,LUNA collapse,100.0,100.0
2022-05-10,2229.0,2457.34,2200.0,2342.05,1550626.1387,30074.23,32658.99,29730.4,31017.1,165532.00311,109587055221,5763115296,10935576953.0,1.0003,32.99,120.7742,10.0,0.77,10.0,9.0,75.0,0.0496754644524231,0.0308008466215324,-0.1394048834090268,0.7613208864290746,0.7142893774271236,0.6174580721627102,-0.327282955883974,1,0,0,0,0.0002999999999999,0.0002999999999999,0.1,0.3133333333333333,0.2066666666666666,-1.0703213669914222,-1.759999999999998,0.0022961703849233,0.0,1,LUNA collapse,86.98757588863236,105.09299768908033
2022-05-11,2342.04,2451.37,2005.0,2084.99,2022864.83806,31017.11,32162.59,27785.0,29103.94,207063.739278,107060775270,5895817601,11005436209.0,1.006,32.56,120.3925,12.0,0.77,10.0,9.0,75.0,-0.1162625551455644,-0.0636651051045502,-0.0233225918486108,0.8195364313775112,0.713617628230357,0.6188883101138718,-0.3427909150842559,1,0,0,1,0.006,0.006,0.12,0.3133333333333333,0.2166666666666666,-0.98913381187673,-0.4299999999999997,-0.0031654479554713,0.0,2,LUNA collapse,84.98227545866487,93.55814318727423
2022-05-12,2084.99,2195.0,1800.0,1960.22,2305192.90836,29103.94,30243.0,26700.0,29029.75,204507.263138,89981753404,5192032082,9981502469.0,1.003,31.77,121.2796,12.0,0.77,10.0,9.0,75.0,-0.0617073472347956,-0.0025523939828082,-0.1737897565722201,0.8310014837358485,0.7090103623176568,0.8306706160117118,-0.4476331255343712,1,0,0,0,0.0029999999999998,0.0029999999999998,0.12,0.3133333333333333,0.2166666666666666,-0.98913381187673,-0.7900000000000027,0.0073413851599213,0.0,3,LUNA collapse,71.42535755740174,87.9594355073927
2022-05-13,1960.22,2147.54,1940.23,2009.69,1134042.3387,29029.74,31083.37,28751.67,29287.05,97872.36957,78550311528,5285249116,9108210924.0,1.0018,28.87,120.8442,10.0,0.77,10.0,9.0,75.0,0.0249237694793722,0.0088242725805584,-0.1358675791429708,0.828106352396872,0.7000007019500116,0.9229654198936847,-0.5178067949819031,1,0,0,0,0.0018,0.0018,0.1,0.3133333333333333,0.2066666666666666,-1.0703213669914222,-2.8999999999999986,-0.0035965111180388,0.0,4,LUNA collapse,62.35135318982671,90.17926454421035
2022-05-14,2009.69,2070.06,1951.21,2056.48,563788.3078,29287.05,30343.27,28630.0,30086.74,51095.87863,79114407678,5497509033,9273765561.0,1.0014,,,9.0,0.77,10.0,9.0,75.0,0.0230153020589145,0.0269391043317336,0.0071556726174452,0.8359710684506726,0.7091051074955982,0.9194693605451748,-0.5143440037438326,1,0,0,0,0.0014,0.0014,0.09,0.3133333333333333,0.2016666666666666,-1.1109151445487686,,,0.0,5,LUNA collapse,62.799119183334376,92.27883601444886
2022-05-15,2056.47,2167.0,2000.68,2145.29,514398.2587,30086.74,31460.0,29480.0,31328.89,46275.66912,79401649345,5622363903,9532084912.0,1.0012,,,10.0,0.77,9.0,3.0,56.0,0.0422789579970495,0.0404561319046455,0.0036241373497342,0.8555699266888023,0.7254600181025295,0.9233286776456204,-0.5125807264591066,1,0,0,0,0.0012,0.0012,0.1,0.2266666666666666,0.1633333333333333,-1.4221341058217565,,,0.0,6,LUNA collapse,63.02712472884474,96.26393843530546
2022-05-16,2145.29,2145.29,1979.12,2023.66,822070.8531,31328.89,31328.9,29087.04,29874.01,73082.19658,81346561861,5737913106,9865383006.0,1.0013,27.47,120.6881,14.0,0.77,9.0,3.0,56.0,-0.0583669882521626,-0.0475518034081956,0.0241994285872647,0.8682035248978328,0.7378120272629112,0.9316506947227564,-0.5006415809442534,1,0,0,0,0.0013,0.0013,0.14,0.2266666666666666,0.1833333333333333,-1.2597589955923714,,,0.0,7,LUNA collapse,64.57094963353916,90.80612954611743
2022-05-17,2023.66,2122.42,2008.0,2090.72,568249.0448,29874.01,30788.37,29450.38,30444.93,56724.13307,78504926839,5584448109,9257667782.0,1.0011,26.1,119.8871,8.0,0.77,9.0,3.0,56.0,0.0326007511341273,0.0189306062024952,-0.0355571841325121,0.8822239709108086,0.7440939217753673,0.9293223410827174,-0.5180853958966793,1,0,0,0,0.0011000000000001,0.0011000000000001,0.08,0.2266666666666666,0.1533333333333333,-1.5033216609364488,-1.3699999999999974,-0.0066590651064859,0.0,8,LUNA collapse,62.31532791229179,93.8152610441767
2022-05-18,2090.72,2110.72,1908.0,1915.11,631577.2341,30444.93,30709.99,28654.47,28715.32,59749.15799,80138598610,5741758889,9717132295.0,1.0015,30.96,120.0274,12.0,0.77,9.0,3.0,56.0,-0.0877334420225115,-0.0584886995742189,0.0205962331828081,0.911509992804053,0.7513945420064349,0.940572221203176,-0.5080568497091155,1,0,0,0,0.0015,0.0015,0.12,0.2266666666666666,0.1733333333333333,-1.340946550707064,4.859999999999999,0.0011695834640535,0.0,9,LUNA collapse,63.61209737899928,85.93524937739785
2022-05-19,1915.11,2040.39,1903.18,2019.55,741476.9794,28715.33,30545.18,28691.38,30319.23,67877.36415,76419963566,5444001735,9110800323.0,1.0011,29.35,119.4278,13.0,0.77,9.0,3.0,56.0,0.0530996520822687,0.0543513864177695,-0.0475136530233263,0.936923302358391,0.7801829795587271,0.9315768676941156,-0.5308842645885562,1,0,0,0,0.0011000000000001,0.0011000000000001,0.13,0.2266666666666666,0.1783333333333333,-1.3003527731497175,-1.6099999999999994,-0.0050080453729079,0.0,10,LUNA collapse,60.66033407593635,90.62170469587848
2022-05-20,2019.55,2064.0,1923.0,1959.08,576981.5371,30319.22,30777.33,28730.0,29201.01,60517.25325,78587868743,5664240994,9472882044.0,1.0013,29.43,119.3677,13.0,0.77,9.0,3.0,56.0,-0.0303997390280493,-0.0375788669561836,0.0279733805725144,0.9383138423642748,0.7853638853843486,0.9428355989172932,-0.5175762442237951,1,0,0,0,0.0013,0.0013,0.13,0.2266666666666666,0.1783333333333333,-1.3003527731497175,0.0799999999999983,-0.0005033595797992,0.0,11,LUNA collapse,62.381165206249534,87.90828116937021
2022-05-21,1959.08,1990.86,1937.36,1975.07,238869.7632,29201.01,29656.18,28947.28,29445.06,20987.13124,76768618282,5740733930,9072154215.0,1.0014,,,13.0,0.77,9.0,3.0,56.0,0.0081288654725635,0.0083228563747151,-0.0234214053036248,0.939971120465162,0.7875261680041209,0.9400579146498552,-0.5287439938285505,1,0,0,0,0.0014,0.0014,0.13,0.2266666666666666,0.1783333333333333,-1.3003527731497175,,,0.0,12,LUNA collapse,60.93708782669476,88.625788068475
2022-05-22,1975.06,2056.41,1966.33,2043.19,355735.1927,29445.07,30487.99,29255.11,30293.94,36158.98748,77348687053,5774853180,9090022734.0,1.001,,,14.0,0.77,9.0,1.0,47.0,0.0339084712377136,0.0284215384207963,0.0075276622427751,0.9543978981203142,0.7984263004980987,0.9457136764330436,-0.5251831521924267,1,0,0,0,0.0009999999999998,0.0009999999999998,0.14,0.19,0.165,-1.408602846635974,,,0.0,13,LUNA collapse,61.39753250363429,91.68248412644992
2022-05-23,2043.19,2088.5,1957.12,1973.32,636085.0224,30293.93,30670.51,28866.35,29109.15,63901.49932,79972749897,5901300692,9686388502.0,1.0011,28.48,118.7169,10.0,0.77,9.0,1.0,47.0,-0.034794908552463,-0.0398951347692112,0.0333623475897758,0.9575305837884712,0.8055786066377405,0.9632048124820908,-0.5090749376188126,1,0,0,0,0.0011000000000001,0.0011000000000001,0.1,0.19,0.145,-1.570977956865359,,,0.0,14,LUNA collapse,63.48045064865302,88.54726167238786
2022-05-24,1973.33,1993.83,1913.02,1979.41,534096.972,29109.14,29845.86,28669.0,29654.58,59442.96036,79085507343,5772396197,9709201214.0,1.0011,29.45,118.6245,12.0,0.77,9.0,1.0,47.0,0.0030814170554417,0.0185640245739104,-0.0111563118042926,0.95871866453333,0.8110666812425296,0.9618964393455512,-0.5145214129085917,1,0,0,0,0.0011000000000001,0.0011000000000001,0.12,0.19,0.155,-1.489790401750667,0.9699999999999988,-0.0007786252602215,0.0,15,LUNA collapse,62.77617879061235,88.82053353077113
2022-05-25,1979.4,2022.34,1934.61,1942.63,524786.3091,29654.58,30223.74,29294.21,29542.15,59537.38659,79657929538,5802810755,9811346277.0,1.001,28.37,118.9598,11.0,0.77,9.0,1.0,47.0,-0.0187560954163886,-0.0037985251950821,0.0072119476221816,0.9468656153355958,0.8021205547099204,0.9655987786864308,-0.5110075109588564,1,0,0,0,0.0009999999999998,0.0009999999999998,0.11,0.19,0.15,-1.530384179308013,-1.0799999999999983,0.0028225789550057,0.0,16,LUNA collapse,63.23055379893321,87.17013304615108
2022-05-26,1942.64,1966.01,1735.0,1792.23,1168740.57514,29542.14,29886.64,28019.56,29201.35,94581.65463,79707036670,5745062847,9687022269.0,1.0012,27.5,118.7687,12.0,0.77,9.0,1.0,47.0,-0.0805820705561769,-0.0116031160400314,0.0006162851814015,0.9569430347786536,0.7828796735730017,0.9563947917696636,-0.5107060592534755,1,0,0,0,0.0012,0.0012,0.12,0.19,0.155,-1.489790401750667,-0.870000000000001,-0.0016077167118136,0.0,17,LUNA collapse,63.26953386243531,80.42135020529044
2022-05-27,1792.24,1822.26,1703.0,1727.27,1296693.28537,29201.35,29397.66,28282.9,28629.8,90998.5201,76406476786,5524831333,9296691052.0,1.0013,25.72,118.2834,12.0,0.77,9.0,1.0,47.0,-0.0369185271116421,-0.0197668076759755,-0.042290404094193,0.9470804880156792,0.7715545450399305,0.9570801653954478,-0.5309670552681482,1,0,0,0,0.0013,0.0013,0.12,0.19,0.155,-1.489790401750667,-1.7800000000000011,-0.0040944642801282,0.0,18,LUNA collapse,60.64962859346511,77.50645038253572
2022-05-28,1727.26,1808.98,1722.26,1792.22,558271.1818,28629.81,29266.0,28450.0,29031.33,34479.35127,75036794613,5393060452,9208984294.0,1.0011,,,13.0,0.77,9.0,1.0,47.0,0.03691294745507,0.0139274582552866,-0.0180888791911612,0.9588252336587738,0.7719844206382453,0.9484529989963552,-0.5393750605835644,1,0,0,0,0.0011000000000001,0.0011000000000001,0.13,0.19,0.16,-1.4491966241933203,,,0.0,19,LUNA collapse,59.56240773761796,80.42090148302708
2022-05-29,1792.21,1827.4,1759.96,1813.64,432430.611,29031.33,29587.78,28839.21,29468.1,27567.34764,76157582216,5556433998,9494162923.0,1.001,,,14.0,0.77,8.0,1.0,44.0,0.0118808006734984,0.0149327306648619,0.0148260557917392,0.9593091206826811,0.7738325960596724,0.9547671290980256,-0.5324949329822567,1,0,0,0,0.0009999999999998,0.0009999999999998,0.14,0.1766666666666666,0.1583333333333333,-1.4627278833791026,,,0.0,20,LUNA collapse,60.45206205376312,81.3820645711337
2022-05-30,1813.64,2013.0,1803.18,1998.78,814922.8359,29468.1,32222.0,29299.62,31734.22,96785.9476,76421355864,5580383191,9439831431.0,1.0008,26.54,,10.0,0.77,8.0,1.0,44.0,0.0972011188862269,0.0740872715889181,0.0034575402620382,1.0328044754469214,0.8235230994158199,0.9584745650522218,-0.5308757177524979,1,0,0,0,0.0007999999999999,0.0007999999999999,0.1,0.1766666666666666,0.1383333333333333,-1.6251029936084875,,,0.0,21,LUNA collapse,60.66143924869321,89.68970855488995
2022-05-31,1998.78,2016.45,1925.0,1941.9,751103.4226,31734.23,32399.0,31200.01,31801.04,62433.11632,80231277103,5844129687,10033633210.0,1.0008,26.19,118.0704,16.0,0.77,8.0,1.0,44.0,-0.0288701191968131,0.0021033997385364,0.0486512435342734,1.0212575469612275,0.8180059067205921,0.9866869403216753,-0.5074879284826225,1,0,0,0,0.0007999999999999,0.0007999999999999,0.16,0.1766666666666666,0.1683333333333333,-1.38154032826441,-0.3499999999999978,,0.0,22,LUNA collapse,63.68566334376422,87.13737632092617
2022-06-01,1941.9,1972.58,1763.75,1817.95,1037841.2706,31801.05,31982.97,29301.0,29805.83,103395.63382,79791541037,5816784905,9993645946.0,1.0009,25.69,118.6954,17.0,1.21,8.0,1.0,44.0,-0.0659573826106326,-0.0647949816931547,-0.0054959308675146,1.034118822429518,0.842331029022789,0.9797616825757898,-0.5101873161604296,1,0,0,0,0.0008999999999999,0.0008999999999999,0.17,0.1766666666666666,0.1733333333333333,-1.340946550707064,-0.5,0.0052794909714103,0.4399999999999999,23,LUNA collapse,63.33661140204534,81.57546386663974
2022-06-02,1817.96,1853.05,1782.42,1834.08,788784.4017,29805.84,30689.0,29594.55,30452.62,56961.42928,76922140166,5588841457,9445937620.0,1.0007,24.72,118.0658,13.0,1.21,8.0,1.0,44.0,0.0088335007577579,0.02146802118667,-0.0366237531900932,1.0365344598368464,0.8474664630945041,0.9797137600145972,-0.5278015760602901,1,0,0,0,0.0006999999999999,0.0006999999999999,0.13,0.1766666666666666,0.1533333333333333,-1.503321660936449,-0.9700000000000024,-0.0053184515373937,0.0,24,LUNA collapse,61.05894981585108,82.2992528774315
2022-06-03,1834.09,1843.91,1737.0,1775.12,741282.5346,30452.63,30699.0,29282.36,29700.21,54067.44727,77404074799,5678044374,9598092881.0,1.001,24.79,118.2153,10.0,1.21,8.0,1.0,44.0,-0.0326749671085383,-0.0250179166566577,0.0062456815873926,1.0074105178540351,0.8232556356259612,0.9817221011392712,-0.5248431459691166,1,0,0,0,0.0009999999999998,0.0009999999999998,0.1,0.1766666666666666,0.1383333333333333,-1.6251029936084875,0.0700000000000002,0.0012654420514385,0.0,25,LUNA collapse,61.44149796788332,79.65358641268986
2022-06-04,1775.13,1816.0,1748.43,1804.58,388279.4579,29700.21,29988.88,29485.0,29864.04,25617.90113,75714235105,5599352256,9559025247.0,1.0009,,,14.0,1.21,8.0,1.0,44.0,0.0164598514523951,0.0055009645259624,-0.02207323612574,0.9965866882217193,0.7816247419993769,0.9631675000633924,-0.5352164876168605,1,0,0,0,0.0008999999999999,0.0008999999999999,0.14,0.1766666666666666,0.1583333333333333,-1.4627278833791026,,,0.0,26,LUNA collapse,60.100143751137466,80.97552220053397
2022-06-05,1804.58,1830.17,1773.05,1806.23,371974.5061,29864.03,30189.0,29531.42,29919.21,23139.9281,75359516576,5204443388,9693578011.0,1.0009,,,10.0,1.21,9.0,1.0,43.0,0.0009139224245239,0.0018456679976862,-0.0046959736805659,0.997653389164998,0.7816114958220446,0.9619894346870912,-0.5373939820284116,1,0,0,0,0.0008999999999999,0.0008999999999999,0.1,0.1766666666666666,0.1383333333333333,-1.6251029936084875,,,0.0,27,LUNA collapse,59.81857669106577,81.04956137398757
2022-06-06,1806.22,1920.0,1804.35,1859.84,804250.3567,29919.2,31765.64,29890.23,31373.1,68836.92456,75568120046,5225689143,9727071834.0,1.0009,25.07,118.3081,13.0,1.21,9.0,1.0,43.0,0.0292486623667286,0.0474500888349519,0.0027642863494317,1.0080499565512182,0.8027832670775475,0.9644360267135124,-0.5361134374472314,1,0,0,0,0.0008999999999999,0.0008999999999999,0.13,0.1766666666666666,0.1533333333333333,-1.503321660936449,,,0.0,28,LUNA collapse,59.98416112200666,83.45516142783424
2022-06-07,1859.84,1874.98,1725.13,1813.33,1397598.2288,31373.1,31589.6,29218.96,31125.33,110674.51658,75933292724,5392936308,9897103011.0,1.0007,24.02,118.4414,15.0,1.21,9.0,1.0,43.0,-0.0253255285569137,-0.0079288807110227,0.0048207258074023,1.0022244860129634,0.7917000045107062,0.9656747026616852,-0.533871768629316,1,0,0,0,0.0006999999999999,0.0006999999999999,0.15,0.1766666666666666,0.1633333333333333,-1.4221341058217565,-1.0500000000000007,0.001126084862575,0.0,29,LUNA collapse,60.27402643480223,81.36815418096968
2022-06-08,1813.33,1838.77,1765.28,1791.88,941510.1373,31125.32,31327.22,29843.88,30204.77,68542.61276,75985902322,5398014234,9865908337.0,1.0008,23.96,118.3951,17.0,1.21,9.0,1.0,43.0,-0.0118995859379412,-0.0300220982099308,0.0006925997743354,0.9175579055888003,0.669875477917434,0.9654678658795312,-0.5335488164960798,1,0,0,0,0.0007999999999999,0.0007999999999999,0.17,0.1766666666666666,0.1733333333333333,-1.340946550707064,-0.0599999999999987,-0.0003909870361184,0.0,30,LUNA collapse,60.315786671805284,80.40564492607301
2022-10-12,1280.11,1306.87,1275.25,1294.44,369712.5759,19060.0,19238.31,18965.88,19155.53,213826.26731,51944739726,4342254188,5383495973.0,,33.57,128.1481,20.0,3.08,7.0,0.0,31.0,0.0111321574540906,0.0049995485596987,-0.0004807021965057,0.7443066562905436,0.51747209857864,0.3012738122316533,-0.1924682407363918,0,1,0,0,,,0.2,0.1266666666666666,0.1633333333333333,-1.4221341058217565,-0.0600000000000022,0.0037840304530297,0.0,-30,FTX bankruptcy,116.77416426036523,100.40022338049144
2022-10-13,1294.44,1301.58,1190.0,1287.08,945618.3163,19155.1,19513.79,18190.0,19375.13,399756.68337,51619850935,4323778960,5273353111.0,,31.94,127.7286,20.0,3.08,7.0,0.0,31.0,-0.0057020824489079,0.0113988381085654,-0.0062741493920839,0.6906109135033573,0.3762144592670629,0.3008880818550403,-0.1975189545977983,0,1,0,0,,,0.2,0.1266666666666666,0.1633333333333333,-1.4221341058217565,-1.629999999999999,-0.0032789259502674,0.0,-29,FTX bankruptcy,116.04379931394897,99.82936212459667
2022-10-14,1287.08,1343.12,1283.39,1296.27,669742.8093,19375.58,19951.87,19070.37,19176.93,351634.32601,51133734874,3942493069,5103182727.0,,32.02,128.3325,24.0,3.08,7.0,0.0,31.0,0.007114822820748,-0.0102822908155797,-0.0094618534986073,0.672027819296242,0.3771914539602726,0.2367825700442784,-0.2050761039841709,0,1,0,0,,,0.24,0.1266666666666666,0.1833333333333333,-1.2597589955923716,0.0800000000000018,0.0047168517175386,0.0,-28,FTX bankruptcy,114.950988048434,100.54216306775876
2022-10-15,1296.26,1301.69,1263.64,1274.92,287100.9529,19176.93,19227.68,18975.18,19069.39,113847.64232,51113700141,3956688755,5093848380.0,,,,24.0,3.08,7.0,0.0,31.0,-0.0166074780212466,-0.0056235623928088,-0.0003918872537675,0.5713158572689956,0.3670386007829322,0.2279096324429927,-0.2053875634942427,0,1,0,0,,,0.24,0.1266666666666666,0.1833333333333333,-1.2597589955923716,,,0.0,-27,FTX bankruptcy,114.90594904709153,98.88620004964011
2022-10-16,1274.93,1315.35,1274.67,1305.95,293321.3632,19068.4,19425.84,19063.74,19262.98,131894.61885,50968983136,3964570495,5190911252.0,,,,24.0,3.08,7.0,0.0,26.0,0.0240473137383583,0.0101006875336738,-0.0028352918889129,0.5742381485503826,0.3685040491487377,0.2173187292643817,-0.2076373308096522,0,1,0,0,,,0.24,0.11,0.175,-1.3274152915212818,,,0.0,-26,FTX bankruptcy,114.58061856315265,101.29296971953339
2022-10-17,1305.96,1338.57,1295.64,1331.4,459848.4941,19262.98,19676.96,19152.03,19549.86,222813.87634,51387928441,4024126151,5244057774.0,,31.37,127.6448,20.0,3.08,7.0,0.0,26.0,0.0193002749023138,0.0147830060608086,0.0081860157371479,0.5716322792816235,0.3680827916231709,0.2184894914802487,-0.2011244164901962,0,1,0,0,,,0.2,0.11,0.155,-1.489790401750667,,,0.0,-25,FTX bankruptcy,115.52242687945638,103.26693968726732
2022-10-18,1331.39,1341.73,1286.72,1310.71,572728.9189,19548.48,19706.66,19091.0,19327.44,260313.07848,51784550784,4051988590,5196773102.0,,30.5,127.9153,22.0,3.08,7.0,0.0,26.0,-0.0156620450592596,-0.0114422774576837,0.0076885677228578,0.4669109991419031,0.3489813806570293,0.2160568080892898,-0.1949585344375477,0,1,0,0,,,0.22,0.11,0.165,-1.408602846635974,-0.870000000000001,0.0021169196679534,0.0,-24,FTX bankruptcy,116.41405215037155,101.66216803176968
2022-10-19,1310.71,1313.5,1280.31,1285.09,368637.5105,19327.44,19360.16,19065.97,19123.97,186137.29538,51343601632,4087986959,5131280309.0,,30.76,128.3968,23.0,3.08,7.0,0.0,26.0,-0.0197402203201277,-0.0105833257695788,-0.0085515318336692,0.4574934456602625,0.350043540509279,0.1930071088984769,-0.2018135200691751,0,1,0,0,,,0.23,0.11,0.17,-1.368009069078628,0.2600000000000015,0.0037571426897852,0.0,-23,FTX bankruptcy,115.42277817387796,99.67501241002729
2022-10-20,1285.09,1310.87,1270.36,1282.57,428531.6103,19123.35,19347.82,18900.0,19041.92,223530.13068,50772242117,3884466336,5036158680.0,,29.98,128.0052,23.0,3.08,7.0,0.0,26.0,-0.0019628773350881,-0.0042996574378428,-0.0111905353083747,0.4375487890678616,0.328580371176785,0.1953268554487184,-0.2106958622804118,0,1,0,0,,,0.23,0.11,0.17,-1.368009069078628,-0.7800000000000011,-0.0030545807324754,0.0,-22,FTX bankruptcy,114.13833570273901,99.47955448001984
2022-10-21,1282.57,1306.97,1252.65,1299.75,468076.7986,19041.92,19250.0,18650.0,19164.37,269310.75769,50222243384,3875918979,4968109057.0,,29.69,127.6735,23.0,3.08,7.0,0.0,26.0,0.0133060608116974,0.0064099612532107,-0.0108917663669061,0.3845561734255074,0.3189811515367987,0.1986343468270486,-0.2192461302535505,0,1,0,0,,,0.23,0.11,0.17,-1.368009069078628,-0.2899999999999991,-0.0025946642101315,0.0,-21,FTX bankruptcy,112.9019132520902,100.81208116157856
2022-10-22,1299.76,1320.2,1294.32,1313.61,221776.7007,19164.37,19257.0,19112.72,19204.35,110403.90837,50267539820,3959855213,4912103894.0,,,,20.0,3.08,7.0,0.0,26.0,0.010607134072841,0.0020839900038091,0.0009015133205301,0.3169422635736043,0.2669930249388993,0.1844916251267168,-0.2185419528749671,0,1,0,0,,,0.2,0.11,0.155,-1.489790401750667,,,0.0,-20,FTX bankruptcy,113.00374172376557,101.8870997766195
2022-10-23,1313.62,1371.55,1299.44,1364.2,432269.46,19204.29,19695.0,19070.11,19570.4,167057.20184,50385333665,3979945406,4907784930.0,,,,23.0,3.08,7.0,0.0,37.0,0.0377891038839527,0.0188814047749087,0.0023405968393798,0.3437217922824442,0.2744248455010806,0.1427901729373524,-0.216710732401344,0,1,0,0,,,0.23,0.1466666666666666,0.1883333333333333,-1.219165218035025,,,0.0,-19,FTX bankruptcy,113.26854770561181,105.81099528418963
2022-10-24,1364.19,1370.6,1324.17,1343.61,611830.797,19570.4,19601.15,19157.0,19329.72,256168.14467,51246813874,4040641123,5039477006.0,,29.85,128.0304,22.0,3.08,7.0,0.0,37.0,-0.0152081548189008,-0.0123744127879885,0.0169533137551277,0.3470856811327087,0.2691203924538323,0.1550234263776075,-0.2033181803852186,0,1,0,0,,,0.22,0.1466666666666666,0.1833333333333333,-1.2597589955923714,,,0.0,-18,FTX bankruptcy,115.20519484184659,104.21397989575576
2022-10-25,1343.61,1525.16,1334.94,1459.74,1127932.9012,19330.6,20415.87,19237.0,20080.07,326370.67061,50668371351,4022504373,4977766917.0,,28.46,127.3771,20.0,3.08,7.0,0.0,37.0,0.0828983162503669,0.0380839730139803,-0.0113515710760829,0.4442380296728394,0.2976935184225719,0.1593248284771647,-0.2123106348800337,0,1,0,0,,,0.2,0.1466666666666666,0.1733333333333333,-1.340946550707064,-1.3900000000000006,-0.0051157575622554,0.0,-17,FTX bankruptcy,113.90482944291915,113.22133283693225
2022-10-26,1459.74,1594.99,1457.44,1566.1,1236044.7023,20079.02,21020.0,20050.41,20771.59,380492.69576,52334959675,4146610629,5246766529.0,,27.28,126.4723,33.0,3.08,7.0,0.0,37.0,0.070330114820303,0.0338584068050516,0.0323627160919779,0.4924594982861827,0.3101524551132736,0.1960588698042588,-0.186401890157336,0,1,0,0,,,0.33,0.1466666666666666,0.2383333333333333,-0.8132274424615628,-1.1799999999999995,-0.0071286663010835,0.0,-16,FTX bankruptcy,117.65139665507081,121.47089848597668
2022-10-27,1566.11,1578.58,1503.2,1514.05,869454.4851,20771.61,20872.21,20200.0,20295.11,328643.57791,53583496083,4284026991,5429932632.0,,27.39,126.7028,32.0,3.08,7.0,0.0,37.0,-0.0338002729212353,-0.0232062173479073,0.0235765189741366,0.5096970063067728,0.3211148088570164,0.2065560687748417,-0.1669921711487286,0,1,0,0,,,0.32,0.1466666666666666,0.2333333333333333,-0.853821220018909,0.1099999999999994,0.0018208746728001,0.0,-15,FTX bankruptcy,120.45816393048487,117.43376147927525
2022-10-28,1514.04,1574.9,1479.82,1554.41,858954.4425,20295.11,20750.0,20000.09,20591.84,287039.94569,52925408272,4192331525,5351214945.0,,25.75,127.2135,30.0,3.08,7.0,0.0,37.0,0.0263078728418726,0.0145149104854409,-0.0123575806111002,0.5153740021507013,0.3195711210852756,0.211592883002176,-0.1772227895052736,0,1,0,0,,,0.3,0.1466666666666666,0.2233333333333333,-0.9350087751336016,-1.6400000000000006,0.0040225908194652,0.0,-14,FTX bankruptcy,118.97875226060614,120.56419086621992
2022-10-29,1554.4,1663.06,1547.66,1619.55,914161.0846,20591.84,21085.0,20554.01,20809.67,254881.77755,53474582519,4167742050,5416597012.0,,,,34.0,3.08,7.0,0.0,37.0,0.0410522804682337,0.0105229017033011,0.0103229167539469,0.5298425694560144,0.319991650334414,0.213934372429271,-0.1686853389730072,0,1,0,0,,,0.34,0.1466666666666666,0.2433333333333333,-0.7726336649042165,,,0.0,-13,FTX bankruptcy,120.2133212288022,125.6166232315711
2022-10-30,1619.55,1640.06,1576.56,1590.44,476036.4243,20809.68,20931.21,20515.0,20627.48,192795.60886,54349642480,4206175172,5602724370.0,,,,34.0,3.08,7.0,0.0,34.0,-0.0181376253697955,-0.0087936151026691,0.0162315875340355,0.5352978717130192,0.3200487112746153,0.2206791743953098,-0.1550816764367258,0,1,0,0,,,0.34,0.1366666666666666,0.2383333333333333,-0.8132274424615628,,,0.0,-12,FTX bankruptcy,122.18049627217499,123.35877388930257
2022-10-31,1590.45,1635.8,1545.43,1572.69,810334.2414,20627.48,20845.92,20237.95,20490.74,303567.61628,54004799584,4245839301,5539178625.0,,25.88,127.6219,31.0,3.08,7.0,0.0,34.0,-0.0112231785067648,-0.0066510906396394,-0.0063651116409458,0.534618539007891,0.3203341358416488,0.222034846374927,-0.1604425963671236,0,1,0,0,,,0.31,0.1366666666666666,0.2233333333333333,-0.9350087751336016,,,0.0,-11,FTX bankruptcy,121.40527357986899,121.98203648548028
2022-11-01,1572.69,1612.92,1563.69,1578.48,527539.2965,20490.74,20700.0,20330.74,20483.62,279932.43771,53461455964,4217459891,5423492513.0,,25.81,127.3987,30.0,3.78,7.0,0.0,34.0,0.0036748296765066,-0.0003475344128213,-0.0101119788171207,0.5212135170125679,0.3157445773395905,0.2242700383888986,-0.1688894041027611,0,1,0,0,,,0.3,0.1366666666666666,0.2183333333333333,-0.9756025526909478,-0.0700000000000002,-0.0017504472736053,0.6999999999999997,-10,FTX bankruptcy,120.18381212936637,122.43112434847356
2022-11-02,1578.47,1621.68,1502.32,1518.34,981395.3648,20482.81,20800.0,20048.04,20151.84,373716.27299,53291973760,4246736761,5434018875.0,,25.86,127.3115,30.0,3.78,7.0,0.0,34.0,-0.0388447258655324,-0.0163299430037902,-0.0031752112663917,0.5343899926547085,0.306479243492531,0.2216583383998258,-0.1715241706466291,0,1,0,0,,,0.3,0.1366666666666666,0.2183333333333333,-0.9756025526909478,0.0500000000000007,-0.0006846997364591,0.0,-9,FTX bankruptcy,119.80280833892482,117.76650533631174
2022-11-03,1518.33,1559.01,1515.17,1531.01,560202.8813,20151.84,20393.32,20031.24,20207.82,319185.1544,52507628911,4137375861,5319047237.0,,25.3,128.1743,30.0,3.78,7.0,0.0,34.0,0.0083100155193209,0.0027740588448488,-0.0148272620850461,0.5275523244705531,0.2801141341058445,0.2219747266768224,-0.1837175780854441,0,1,0,0,,,0.3,0.1366666666666666,0.2183333333333333,-0.9756025526909478,-0.5599999999999987,0.0067542171035405,0.0,-8,FTX bankruptcy,118.03956504004556,118.74922437329363
2022-11-04,1531.01,1680.0,1528.4,1644.78,935531.4781,20207.12,21302.05,20180.96,21148.52,453694.39165,52871706006,4166617099,5296846653.0,,24.55,127.1468,30.0,3.78,7.0,0.0,34.0,0.0716789883388504,0.0455002684794452,0.0069098660357884,0.5762541251200971,0.3202864759602447,0.2208342526120623,-0.1780576437285919,0,1,0,0,,,0.3,0.1366666666666666,0.2183333333333333,-0.9756025526909478,-0.75,-0.0080487319454608,0.0,-7,FTX bankruptcy,118.85802709643905,127.5735294117647
2022-11-05,1644.78,1666.97,1621.42,1626.98,351385.5362,21148.52,21480.65,21080.65,21299.37,245621.98525,54629714168,4371800034,5522424226.0,,,,38.0,3.78,7.0,0.0,34.0,-0.0108811010733599,0.0071075681286795,0.0327096125834368,0.5790349465974464,0.318111651231703,0.249176876763283,-0.1507276882538306,0,1,0,0,,,0.38,0.1366666666666666,0.2583333333333333,-0.6508523322321781,,,0.0,-6,FTX bankruptcy,122.81011030954825,126.19291387441052
2022-11-06,1626.98,1639.02,1564.39,1568.29,414863.9525,21299.37,21365.27,20886.13,20905.58,230036.97217,54512119345,4380485031,5480042777.0,,,,40.0,3.78,7.0,2.0,49.0,-0.0367396817914933,-0.0186613858307954,-0.002154899999755,0.593540703879889,0.3153046862398619,0.2491498705473859,-0.1525558147359035,0,1,0,0,,,0.4,0.1933333333333333,0.2966666666666667,-0.3396333709591898,,,0.0,-5,FTX bankruptcy,122.54575173831263,121.64076073467362
2022-11-07,1568.25,1608.04,1545.03,1568.1,642409.4494,20905.58,21069.77,20384.89,20591.13,386977.60337,53500889461,4403382469,5322672671.0,,24.35,126.3062,33.0,3.78,7.0,2.0,49.0,-0.0001211584020051,-0.0151557084383836,-0.0187247710476604,0.5906541315840461,0.319984983135912,0.2550085481360621,-0.1682763718424341,0,1,0,0,,,0.33,0.1933333333333333,0.2616666666666666,-0.6237898138606137,,,0.0,-4,FTX bankruptcy,120.272460444486,121.62602382725241
2022-11-08,1568.09,1579.98,1233.0,1334.77,2339916.5089,20590.67,20700.88,17166.83,18547.23,760705.362783,53292126869,4453856468,5403612614.0,,25.54,125.633,31.0,3.78,7.0,2.0,49.0,-0.1611057030395347,-0.104539948786357,-0.0039096724691352,0.8294808622039112,0.4903505916675678,0.2549012312331348,-0.1715217904175476,0,1,0,0,,,0.31,0.1933333333333333,0.2516666666666666,-0.7049773689753063,1.1899999999999975,-0.0053441592433204,0.0,-3,FTX bankruptcy,119.80315253499955,103.52832588731695
2022-11-09,1334.78,1337.16,1073.53,1102.73,2494797.9357,18545.38,18587.76,15588.0,15922.81,731926.929729,48151089405,4032150245,4720190266.0,,26.09,125.9861,29.0,3.78,7.0,2.0,49.0,-0.1909700690038591,-0.1525677793793299,-0.1014448435120441,1.0623939080768534,0.7190283775023658,0.4372349022336514,-0.2514442435791726,0,1,0,0,,,0.29,0.1933333333333333,0.2416666666666666,-0.7861649240899988,0.5500000000000007,0.0028066250279485,0.0,-2,FTX bankruptcy,108.2458638382706,85.53068379250435
2022-11-10,1102.73,1350.0,1085.93,1299.28,1975955.6767,15922.68,18199.0,15754.26,17601.15,608448.36432,42728387859,3671736343,4180011297.0,,23.53,124.7044,22.0,3.78,7.0,2.0,49.0,0.1640213415227555,0.1002115684402702,-0.1194802428290078,1.2152241883034824,0.8091361502681726,0.5965898109006081,-0.3357454402451179,0,1,0,0,,,0.22,0.1933333333333333,0.2066666666666666,-1.0703213669914222,-2.5599999999999987,-0.0102254466590011,0.0,-1,FTX bankruptcy,96.05538132920938,100.77562670637876
2022-11-11,1299.28,1310.0,1201.26,1289.28,1308087.1498,17602.45,17695.0,16361.6,17070.31,393552.86492,44483075563,3910731848,4714779640.0,,22.52,,25.0,3.78,7.0,2.0,49.0,-0.0077263418633649,-0.0306235436615994,0.0402452720107256,1.2149269262607842,0.8144185372907747,0.618301838510233,-0.3084671045359853,0,1,0,0,,,0.25,0.1933333333333333,0.2216666666666666,-0.9485400343193836,-1.0100000000000016,,0.0,0,FTX bankruptcy,100.0,100.0
2022-11-12,1289.35,1292.16,1238.7,1257.25,547772.9172,17069.98,17119.1,16631.39,16812.08,167819.96035,43506324367,3853265925,4668599094.0,,,,21.0,3.78,7.0,2.0,49.0,-0.0251571269509082,-0.0152430215195955,-0.0222024771295599,1.2179407966679032,0.8134447790901032,0.621149805289223,-0.3133626325713923,0,1,0,0,,,0.21,0.1933333333333333,0.2016666666666666,-1.1109151445487686,,,0.0,1,FTX bankruptcy,97.80421838274951,97.51566765946885
2022-11-13,1257.25,1274.23,1200.66,1221.49,547410.5304,16813.16,16954.28,16229.0,16329.85,184960.78846,42796683675,3808143112,4619997372.0,,,,22.0,3.78,7.0,2.0,40.0,-0.0288553710435409,-0.0291029542452625,-0.0164456999172694,1.2214629661495051,0.817699597538661,0.6221590101236173,-0.319102352948109,0,1,0,0,,,0.22,0.1633333333333333,0.1916666666666666,-1.1921026996634612,,,0.0,2,FTX bankruptcy,96.20891346505118,94.74202655745843
2022-11-14,1221.5,1291.2,1171.13,1243.28,934742.0059,16331.78,17190.0,15815.21,16619.46,380210.7775,41924913286,3734387421,4620084517.0,,23.73,123.4277,24.0,3.78,7.0,2.0,40.0,0.0176816235988232,0.0175795765326142,-0.0205803759620503,1.2221504211143916,0.8216004873700681,0.6238788453681418,-0.3329722689244808,0,1,0,0,,,0.24,0.1633333333333333,0.2016666666666666,-1.1109151445487686,,,0.0,3,FTX bankruptcy,94.24913353084825,96.43211715065773
2022-11-15,1243.29,1291.0,1234.01,1253.23,632825.568,16617.72,17134.69,16527.72,16900.57,282461.84391,42105642810,3800496893,4422573690.0,,24.54,123.039,22.0,3.78,7.0,2.0,40.0,0.0079711699010384,0.0167730512461791,0.0043015258036655,1.2193136147763275,0.8234290520215563,0.6249174969438337,-0.3177279137040727,0,1,0,0,,,0.22,0.1633333333333333,0.1916666666666666,-1.1921026996634612,0.8099999999999987,-0.0031541812525593,0.0,4,FTX bankruptcy,94.65542181400448,97.20386572350459
2022-11-16,1253.22,1268.67,1187.06,1216.17,673339.7215,16900.57,17015.92,16378.61,16662.76,261493.40809,42422294842,3827376123,4360960737.0,,24.11,123.2817,23.0,3.78,7.0,2.0,40.0,-0.0300176421221808,-0.0141710598868462,0.0074922805890469,1.2209228512072745,0.8211467617810444,0.6247188002842278,-0.303638086943002,0,1,0,0,,,0.23,0.1633333333333333,0.1966666666666666,-1.1515089221061148,-0.4299999999999997,0.0019706023776257,0.0,5,FTX bankruptcy,95.36727014731393,94.32939314966494
2022-11-17,1216.16,1228.22,1181.05,1200.43,530537.3488,16661.61,16751.0,16410.74,16692.56,228038.97873,41761612081,3797740286,4308137383.0,,23.93,123.977,20.0,3.78,7.0,2.0,40.0,-0.0130267504628451,0.001786821888,-0.0156964994858726,1.2206139047392646,0.8212031668446751,0.623409188083404,-0.2938009216764763,0,1,0,0,,,0.2,0.1633333333333333,0.1816666666666666,-1.2732902547781535,-0.1799999999999997,0.0056240838661083,0.0,6,FTX bankruptcy,93.88202491047258,93.10855671382477
2022-11-18,1200.42,1234.0,1199.18,1212.58,360218.5337,16692.56,17011.0,16546.04,16700.45,214224.18184,41871351600,3770860170,4271479321.0,,23.12,123.8524,23.0,3.78,7.0,2.0,40.0,0.0100704950931688,0.0004725539953914,0.0026243140778828,1.2198753104447713,0.8211431416110244,0.6243157087996372,-0.2919451995596396,0,1,0,0,,,0.23,0.1633333333333333,0.1966666666666666,-1.1515089221061148,-0.8099999999999987,-0.0010055305020187,0.0,7,FTX bankruptcy,94.12872439698758,94.05094316207496
2022-11-19,1212.58,1235.0,1197.67,1217.67,209789.5888,16699.43,16822.41,16553.53,16700.68,104963.15558,41766314342,3778219691,4240443756.0,,,,23.0,3.78,7.0,2.0,40.0,0.0041888755829351,1.377198915139681e-05,-0.0025117227277479,1.220062309467933,0.8212953278797681,0.6242810950505632,-0.2937214052924393,0,1,0,0,,,0.23,0.1633333333333333,0.1966666666666666,-1.1515089221061148,,,0.0,8,FTX bankruptcy,93.89259580949538,94.44573715562174
2022-11-20,1217.67,1227.07,1132.65,1142.21,531108.7607,16700.68,16753.33,16180.0,16280.23,154842.13478,41511356743,3787628318,4268561643.0,,,,24.0,3.78,7.0,1.0,34.0,-0.0639742143728909,-0.0254979489178795,-0.0061230913942603,1.2377247098483242,0.8235606361586716,0.6240812561328963,-0.2980328006733493,0,1,0,0,,,0.24,0.14,0.19,-1.205633958849243,,,0.0,9,FTX bankruptcy,93.31943939939305,88.59285802928767
2022-11-21,1142.21,1146.99,1079.76,1107.34,922647.9454,16279.5,16319.0,15476.0,15781.29,324096.997753,40292214329,3683861571,4086536281.0,,22.36,124.7009,21.0,3.78,7.0,1.0,34.0,-0.031004239269978,-0.0311264271128395,-0.0298087887976704,1.239922289958174,0.8278791707577793,0.6287658592197026,-0.3186487971880916,0,1,0,0,,,0.21,0.14,0.175,-1.3274152915212818,,,0.0,10,FTX bankruptcy,90.57875117455714,85.88824770414494
2022-11-22,1107.34,1146.13,1075.0,1139.6,748884.5791,15781.29,16315.0,15616.63,16226.94,239548.06623,40041920054,3643989199,4070975064.0,,21.29,124.2365,22.0,3.78,7.0,1.0,34.0,0.0287165806671491,0.0278477628835421,-0.0062313507658188,1.2363163794904766,0.8319258641144572,0.6278092412370244,-0.3228813346191616,0,1,0,0,,,0.22,0.14,0.18,-1.2868215139639356,-1.0700000000000005,-0.003731062819295,0.0,11,FTX bankruptcy,90.01607813131058,88.3904194589228
2022-11-23,1139.59,1190.0,1127.75,1184.52,636927.1594,16227.96,16706.0,16160.2,16603.11,264927.70408,40035393664,3724151604,3771167332.0,,20.35,123.7574,22.0,3.78,7.0,1.0,34.0,0.0386603055940436,0.0229172032029526,-0.0001630022215138,1.2455088814974618,0.8377403236861488,0.6221771514146885,-0.3229916974709078,0,1,0,0,,,0.22,0.14,0.18,-1.2868215139639356,-0.9399999999999976,-0.003863809521453,0.0,12,FTX bankruptcy,90.00140650638942,91.87453462397617
2022-11-24,1184.52,1217.71,1180.6,1203.73,486080.6123,16603.11,16812.63,16458.05,16598.95,206565.92346,40564691062,3517835892,3815788257.0,,20.42,,20.0,3.78,7.0,1.0,34.0,0.0160874400109251,-0.0002505868624879,0.0131341054698905,1.2079396588029034,0.8234362666511092,0.6264779925678645,-0.296141169673421,0,1,0,0,,,0.2,0.14,0.17,-1.368009069078628,0.0700000000000002,,0.0,13,FTX bankruptcy,91.19129140373732,93.36451352692976
2022-11-25,1203.72,1207.77,1171.2,1199.3,391430.1658,16599.55,16666.0,16342.81,16522.14,182089.49533,40303564669,3533979909,3637351409.0,,20.5,123.3386,20.0,3.78,7.0,1.0,34.0,-0.0036870159910469,-0.0046381406950624,-0.0064580915763378,1.1759078256732656,0.8106279674815025,0.6098694093807735,-0.3006721081012143,0,1,0,0,,,0.2,0.14,0.17,-1.368009069078628,0.0799999999999983,,0.0,14,FTX bankruptcy,90.60426726097054,93.02091089600397
2022-11-26,1199.29,1235.66,1196.2,1205.6,379840.8116,16521.35,16701.99,16385.0,16458.57,181804.81666,40251521938,3536755228,3680292071.0,,,,22.0,3.78,7.0,1.0,34.0,0.0052393150746103,-0.0038549854582066,-0.001292103091999,1.1733828826548307,0.8087558756828191,0.5993790601430303,-0.3015751283094213,0,1,0,0,,,0.22,0.14,0.18,-1.2868215139639356,,,0.0,15,FTX bankruptcy,90.48727280781883,93.50955572102258
2022-11-27,1205.61,1223.33,1188.65,1193.88,286386.7986,16457.61,16600.0,16401.0,16428.78,162025.47607,40753350372,3526039411,3686289846.0,,,,26.0,3.78,6.0,1.0,29.0,-0.0097688609230169,-0.0018116393171025,0.012390238751036,1.1669941571940077,0.8052908707845302,0.6041103590214673,-0.2928676448963221,0,1,0,0,,,0.26,0.12,0.19,-1.205633958849243,,,0.0,16,FTX bankruptcy,91.61540621057618,92.60052122114669
2022-11-28,1193.88,1199.25,1151.02,1167.77,478795.6093,16428.77,16487.04,15995.27,16212.91,252695.40367,40501136296,3429909401,3704240748.0,,22.21,123.6032,28.0,3.78,6.0,1.0,29.0,-0.0221125602001728,-0.0132268364279651,-0.0062080236147018,1.1537582740144734,0.8028474785150477,0.6002944753056734,-0.297243941125324,0,1,0,0,,,0.28,0.12,0.2,-1.1244464037345503,,,0.0,17,FTX bankruptcy,91.04841736637454,90.57535989079176
2022-11-29,1167.77,1228.37,1158.27,1216.49,512143.5861,16212.18,16548.71,16100.0,16442.53,248106.25009,39844306298,3412849574,3642423296.0,,21.89,123.6615,26.0,3.78,6.0,1.0,29.0,0.0408737156965432,0.0140634322802119,-0.0163505137259179,1.1673808338400915,0.8066276535247219,0.593599175539755,-0.3086409364434709,0,1,0,0,,,0.26,0.12,0.19,-1.205633958849243,-0.3200000000000003,0.00047155943473,0.0,18,FTX bankruptcy,89.57183331797674,94.35421320426906
2022-11-30,1216.49,1309.77,1212.5,1294.46,815679.2717,16442.91,17249.0,16428.3,17163.64,303019.80719,40862919579,3565852415,3854147934.0,,20.58,123.5175,29.0,3.78,6.0,1.0,29.0,0.0621239568671644,0.0429219220456457,0.0252435233830069,1.1933176446705167,0.8256390244323613,0.6063706021133504,-0.2909664531983265,0,1,0,0,,,0.29,0.12,0.205,-1.0838526261772046,-1.3100000000000025,-0.0011651476564824,0.0,19,FTX bankruptcy,91.86172282788117,100.40177463390421
2022-12-01,1294.46,1299.9,1262.77,1276.41,430018.7391,17165.53,17324.0,16855.01,16977.37,232818.18218,41407826437,3483035376,3858291226.0,,19.84,122.0045,27.0,4.1,6.0,1.0,29.0,-0.0140421698447763,-0.0109119119942652,0.0132468672692549,1.1930183589222494,0.8255661729524698,0.61142742009568,-0.2815114938810571,0,1,0,0,,,0.27,0.12,0.195,-1.165040181291897,-0.7399999999999984,-0.0123249171354218,0.3199999999999998,20,FTX bankruptcy,93.08669850931368,99.00176842889056
2022-12-02,1276.4,1297.18,1265.24,1295.59,371559.585,16978.0,17105.73,16787.85,17092.74,202372.2062,41459749613,3491869896,3894532227.0,,19.06,122.0102,27.0,4.1,6.0,1.0,29.0,0.0149147399277448,0.0067725311702464,0.00125316041014,1.189735326959642,0.8259515396490364,0.6121090408385943,-0.2806105481331814,0,1,0,0,,,0.27,0.12,0.195,-1.165040181291897,-0.7800000000000011,4.671849688592587e-05,0.0,21,FTX bankruptcy,93.20342419732611,100.489420451725
2022-12-03,1295.58,1309.0,1236.26,1240.51,347148.2588,17092.13,17188.98,16858.74,16885.2,154542.57306,40947057743,3496032280,3921489067.0,,,,27.0,4.1,6.0,1.0,29.0,-0.0434436044707897,-0.0122163133533219,-0.0124431100167993,1.1959691906059473,0.8257192460137296,0.6118488612645705,-0.2895065286149407,0,1,0,0,,,0.27,0.12,0.195,-1.165040181291897,,,0.0,22,FTX bankruptcy,92.05086929074396,96.21726855299082
2022-12-04,1240.5,1287.19,1240.1,1279.41,324129.5466,16885.2,17202.84,16878.25,17105.7,178619.13387,40926156829,3450540300,3849201418.0,,,,26.0,4.1,7.0,0.0,26.0,0.0308764487843355,0.0129742426986612,-0.0005105678227805,1.1703730236386685,0.8077918405090224,0.6100736902348748,-0.2898691911299419,0,1,0,0,,,0.26,0.11,0.185,-1.2462277364065897,,,0.0,23,FTX bankruptcy,92.00388307467084,99.23445644080418
2022-12-05,1279.4,1305.11,1246.61,1259.41,391628.5166,17106.65,17424.25,16867.0,16966.35,233703.29225,41533444008,3508901535,3932651833.0,,20.75,122.6384,26.0,4.1,7.0,0.0,26.0,-0.015755676837173,-0.008179770631694,0.01472959249362,1.1706279497411147,0.8061727443512136,0.5978754805146536,-0.2793318387603664,0,1,0,0,,,0.26,0.11,0.185,-1.2462277364065897,,,0.0,24,FTX bankruptcy,93.36909258708398,97.68320302804668
2022-12-06,1259.41,1274.76,1241.56,1271.32,301631.839,16966.35,17107.01,16906.37,17088.96,218730.76883,41006596427,3482131342,3846193170.0,,22.17,123.0191,25.0,4.1,7.0,0.0,26.0,0.009412373448134,0.0072006703080002,-0.0127660401742322,1.1676982310359982,0.8067459390266369,0.5974615579698325,-0.2884734422686063,0,1,0,0,,,0.25,0.11,0.18,-1.2868215139639356,1.4200000000000017,0.0030994397058261,0.0,25,FTX bankruptcy,92.18471499103885,98.60697443534376
2022-12-07,1271.31,1278.69,1218.01,1231.18,398559.5166,17088.96,17142.21,16678.83,16836.64,220657.41334,41387502800,3505613926,3829992372.0,,22.68,122.7608,29.0,4.1,7.0,0.0,26.0,-0.0320826716820397,-0.0148751770092267,0.0092460283000777,1.170647422517161,0.8067096092695363,0.5999806075139369,-0.2818641397657487,0,1,0,0,,,0.29,0.11,0.1999999999999999,-1.1244464037345507,0.509999999999998,-0.0021018813588531,0.0,26,FTX bankruptcy,93.04101003849019,95.49360883593945
2022-12-08,1231.18,1292.58,1222.01,1280.18,406653.5447,16836.64,17299.0,16733.49,17224.1,236417.97804,41354172641,3457971711,3765423003.0,,22.29,122.4152,25.0,4.1,7.0,0.0,26.0,0.039027633948655,0.0227521019316931,-0.0008056438457436,1.0424619551076315,0.7310601966499198,0.6003807978945672,-0.2824424685071777,0,1,0,0,,,0.25,0.11,0.18,-1.2868215139639356,-0.3900000000000005,-0.0028192011363212,0.0,27,FTX bankruptcy,92.96608230793612,99.29417969719535
2022-12-09,1280.18,1296.64,1250.0,1263.1,406008.0032,17224.1,17360.0,17058.21,17128.56,238422.06465,41501455988,3540169455,3833645593.0,,22.83,122.4201,26.0,4.1,7.0,0.0,26.0,-0.0134316762469649,-0.0055623201422599,0.0035551839885188,0.7892914033879921,0.4918667285772499,0.4988083533608426,-0.2798868793573045,0,1,0,0,,,0.26,0.11,0.185,-1.2462277364065897,0.5399999999999991,4.002690789000891e-05,0.0,28,FTX bankruptcy,93.29718204673769,97.96940928270041
2022-12-10,1263.11,1283.61,1259.6,1266.35,182278.6396,17128.56,17227.72,17092.0,17127.49,140573.97937,41465967119,3530595683,3818990496.0,,,,27.0,4.1,7.0,0.0,26.0,0.0025697300112286,-6.247071687181942e-05,-0.000855489295326,0.540292102480412,0.3427257142234336,0.2793439739919804,-0.2724276308060103,0,1,0,0,,,0.27,0.11,0.19,-1.205633958849243,,,0.0,29,FTX bankruptcy,93.21740143680721,98.22148796227351
2022-12-11,1266.35,1284.75,1255.85,1263.01,180494.902,17127.49,17270.99,17071.0,17085.05,155286.47871,41755549838,3524713628,3820138958.0,,,,26.0,4.1,6.0,0.0,27.0,-0.0026409858156377,-0.0024809629316508,0.0069593513398299,0.5397691014913909,0.3256484594425951,0.2386514910086548,-0.261149102066353,0,1,0,0,,,0.26,0.11,0.185,-1.2462277364065897,,,0.0,30,FTX bankruptcy,93.86839670935727,97.96242864234301
2023-02-08,1671.03,1697.91,1630.47,1650.43,417966.2539,23242.42,23452.0,22665.85,22963.0,280056.30717,48766151499,4070124078,4764650898.0,,19.63,120.1436,58.0,4.57,16.0,1.0,67.0,-0.0124043427522276,-0.0120105003106417,0.0243654799522276,0.5473680684467311,0.4723306295004426,0.3463050940208361,0.0,0,0,1,0,,,0.58,0.28,0.43,0.7428673639033764,0.9699999999999988,-0.001695697253309,0.0,-30,SVB failure,110.18535202606039,115.70272847087854
2023-02-09,1650.42,1656.17,1524.4,1545.35,658011.6964,22961.85,23011.39,21688.0,21796.35,402894.6955,48291311348,4024207884,4665571690.0,,20.71,119.9781,55.0,4.57,16.0,1.0,67.0,-0.0657854381103781,-0.0521417003525174,-0.0097848001707416,0.6036427282592749,0.5185677022327569,0.3509627574903199,-0.0097370847689249,0,0,1,0,,,0.55,0.28,0.415,0.621086031231338,1.0800000000000018,-0.0013784678869636,0.0,-29,SVB failure,109.11246791308882,108.33613751717562
2023-02-10,1545.35,1555.01,1490.0,1513.06,484654.2199,21797.83,21938.16,21451.0,21625.19,338591.94247,46196393488,3914243866,4433974705.0,,20.53,120.1419,48.0,4.57,16.0,1.0,67.0,-0.0211163315789654,-0.0078836856777029,-0.0443499231908351,0.5968789152073948,0.5155312396510238,0.392721038636725,-0.0526955261387131,0,0,1,0,,,0.48,0.28,0.38,0.336929588329914,-0.1799999999999997,0.0013643180527038,0.0,-28,SVB failure,104.37907692826782,106.07246011048484
2023-02-11,1513.05,1543.0,1505.0,1538.51,289691.5708,21625.19,21906.32,21599.78,21862.55,177021.58433,45992665826,3893070317,4342405778.0,,,,49.0,4.57,16.0,1.0,67.0,0.0166803252644485,0.0109162884567473,-0.0044197867981148,0.5961721207802284,0.4922158439236988,0.3857415362689452,-0.0568731709956007,0,0,1,0,,,0.49,0.28,0.385,0.3775233658872603,,,0.0,-27,SVB failure,103.91876165907179,107.85662208014357
2023-02-12,1538.5,1548.02,1493.08,1514.83,286758.374,21862.02,22090.0,21630.0,21783.54,204435.65163,46499000707,3922324621,4437062419.0,,,,50.0,4.57,17.0,0.0,69.0,-0.0155111941522793,-0.0036204886304742,0.0109488769781522,0.5940924208074666,0.4572181225379813,0.386512137290629,-0.0464902544554185,0,0,1,0,,,0.5,0.2866666666666667,0.3933333333333333,0.4451796618161705,,,0.0,-26,SVB failure,105.06280697310899,106.19654524550629
2023-02-13,1514.82,1526.1,1461.93,1505.24,643152.3904,21782.37,21894.99,21351.07,21773.97,295730.76791,46258331045,3894614913,4394827518.0,,20.34,119.9828,48.0,4.57,17.0,0.0,69.0,-0.0063508675184227,-0.0004394190647714,-0.0051892437508007,0.5471510495951674,0.4243834287605176,0.3481306370674743,-0.0514254329471011,0,0,1,0,,,0.48,0.2866666666666667,0.3833333333333333,0.3639921067014779,,,0.0,-25,SVB failure,104.5190225936915,105.52424216931662
2023-02-14,1505.25,1569.0,1482.66,1555.71,668964.3768,21774.63,22319.08,21532.77,22199.84,361958.40109,45909550655,3861197735,4476413203.0,,18.91,119.9229,50.0,4.57,17.0,0.0,69.0,0.0329796791391873,0.01936986197704,-0.0075684077453763,0.559807781634364,0.4285357230226685,0.3495883206010786,-0.0585775329033003,0,0,1,0,,,0.5,0.2866666666666667,0.3933333333333333,0.4451796618161705,-1.4299999999999995,-0.0004993628850397,0.0,-24,SVB failure,103.73096594229212,109.06242113232942
2023-02-15,1555.7,1680.0,1542.55,1674.92,581207.8586,22199.84,24380.0,22047.28,24324.05,375669.16111,46696863104,3926125502,4571631171.0,,18.23,120.4557,53.0,4.57,17.0,0.0,69.0,0.0738333698775732,0.0913804911936594,0.0170038205040338,0.6143357784589817,0.5287008763125502,0.352936224319814,-0.0424328828786588,0,0,1,0,,,0.53,0.2866666666666667,0.4083333333333333,0.5669609944882094,-0.6799999999999997,0.0044330141912083,0.0,-23,SVB failure,105.50986988859479,117.41959002832225
2023-02-16,1674.92,1742.97,1633.72,1637.84,832723.6731,24322.87,25250.0,23505.25,23517.72,450080.68366,49415030898,4123862278,4938542445.0,,20.17,120.4651,62.0,4.57,17.0,0.0,69.0,-0.0223871023802117,-0.0337113932826645,0.0565776559054702,0.6194573279586109,0.5449527182489855,0.4012538366990151,0.0,0,0,1,0,,,0.62,0.2866666666666667,0.4533333333333333,0.932304992504326,1.9400000000000013,7.803394314456076e-05,0.0,-22,SVB failure,111.6514715127035,114.8201116065169
2023-02-17,1637.83,1722.0,1630.51,1693.87,579934.663,23517.72,25021.11,23339.37,24569.97,496813.21376,48524633714,4069279722,4836862759.0,,20.02,120.5526,61.0,4.57,17.0,0.0,69.0,0.0336375512825236,0.0437707859750721,-0.0181830664748261,0.6146422883516759,0.554410241210587,0.4084338430983695,-0.0180187519428635,0,0,1,0,,,0.61,0.2866666666666667,0.4483333333333333,0.8917112149469796,-0.1500000000000021,0.0007260877839609,0.0,-21,SVB failure,109.63965134346039,118.74807212360841
2023-02-18,1693.81,1713.13,1679.77,1691.62,267305.7813,24568.24,24877.0,24430.0,24631.95,216917.25213,49824027991,4157442469,5032031471.0,,,,60.0,4.57,17.0,0.0,69.0,-0.0013292021723714,0.0025194152091865,0.0264257768201057,0.6096360235771258,0.5524665985507962,0.4060299207512733,0.0,0,0,1,0,,,0.6,0.2866666666666667,0.4433333333333333,0.8511174373896333,,,0.0,-20,SVB failure,112.57558562227732,118.59033678247945
2023-02-19,1691.62,1726.59,1666.14,1679.75,401023.0477,24632.05,25192.0,24192.57,24271.76,300395.99542,50124865084,4187161222,5027934216.0,,,,60.0,4.57,17.0,0.0,66.0,-0.0070416768542159,-0.0147308461197347,0.006019836583131,0.5647326422146284,0.4991524503030677,0.4041297485833045,0.0,0,0,1,0,,,0.6,0.2766666666666666,0.4383333333333333,0.810523659832287,,,0.0,-19,SVB failure,113.25531613157086,117.7581952272791
2023-02-20,1679.74,1719.89,1650.56,1703.27,451314.8335,24272.51,25121.23,23840.83,24842.2,346938.56997,49837966685,4158408303,4971453370.0,,21.23,,58.0,4.57,17.0,0.0,66.0,0.0139049600420274,0.0232302853505922,-0.0057401172350246,0.5619612096508266,0.5044189156910999,0.378240113850155,-0.0057236742387079,0,0,1,0,,,0.58,0.2766666666666666,0.4283333333333333,0.7293361047175945,,,0.0,-18,SVB failure,112.60707959623188,119.40705532654721
2023-02-21,1703.27,1716.66,1636.3,1659.76,520354.4688,24843.89,25250.0,24148.34,24452.16,376000.82868,50492200478,4211607226,4985000477.0,,22.87,120.6256,60.0,4.57,17.0,0.0,66.0,-0.0258769192574026,-0.0158252643940644,0.0130418015760436,0.5700453883916285,0.5082252284747635,0.3794184197393798,0.0,0,0,1,0,,,0.6,0.2766666666666666,0.4383333333333333,0.810523659832287,1.6400000000000006,,0.0,-17,SVB failure,114.08529714207467,116.35680435209332
2023-02-22,1659.77,1666.95,1595.07,1643.14,528875.4809,24450.67,24476.05,23574.69,24182.21,379425.75365,49462067382,4132572485,4864987674.0,,22.29,120.8389,59.0,4.57,17.0,0.0,66.0,-0.0100639681960395,-0.0111013167175208,-0.0206128180834387,0.5712599167510823,0.5097813659467212,0.3883423623868292,-0.0204018261483541,0,0,1,0,,,0.59,0.2766666666666666,0.4333333333333333,0.7699298822749407,-0.5800000000000018,0.0017667197909511,0.0,-16,SVB failure,111.75774874369876,115.19166596562071
2023-02-23,1643.15,1679.0,1628.75,1650.53,501305.9717,24182.21,24599.59,23608.0,23940.2,398400.45437,49213134574,4120505239,4825855897.0,,21.14,121.0896,56.0,4.57,17.0,0.0,66.0,0.004487403049425,-0.0100581845457686,-0.005045509533478,0.5482556528656337,0.5090077202220042,0.3889906829984855,-0.025331950120837,0,0,1,0,,,0.56,0.2766666666666666,0.4183333333333333,0.6481485496029019,-1.1499999999999986,0.002072513901721,0.0,-15,SVB failure,111.19529408535075,115.70973893048429
2023-02-24,1650.52,1664.66,1575.64,1607.8,512515.4982,23940.2,24132.35,22841.19,23185.29,343582.57453,49238405385,4115110650,4812365699.0,,21.67,121.5681,53.0,4.57,17.0,0.0,66.0,-0.0262296635444092,-0.0320410284614873,0.000513365490586,0.5431229656350747,0.5185583376515093,0.3837431311825638,-0.0248314607232515,0,0,1,0,,,0.53,0.2766666666666666,0.4033333333333333,0.5263672169308631,0.5300000000000011,0.0039438321570516,0.0,-14,SVB failure,111.25239256699075,112.7141695409551
2023-02-25,1607.8,1608.98,1557.33,1594.58,290188.0391,23184.04,23219.13,22722.0,23157.07,191311.8101,48282919285,4059655519,4712251852.0,,,,52.0,4.57,17.0,0.0,66.0,-0.008256406234486,-0.0012178923770018,-0.0195960561246287,0.5433803870685169,0.518511370555211,0.3818134809920219,-0.043754900204094,0,0,1,0,,,0.52,0.2766666666666666,0.3983333333333333,0.4857734393735168,,,0.0,-13,SVB failure,109.09350635086878,111.78738678107736
2023-02-26,1594.58,1651.26,1587.76,1641.36,308607.9941,23157.07,23689.99,23059.18,23554.85,202323.73623,48016589516,4046730320,4690407553.0,,,,51.0,4.57,16.0,1.0,62.0,0.0289147877985758,0.0170316105816872,-0.0055312940086681,0.5526542991124588,0.5217711177027405,0.3816460997920101,-0.0490295716677796,0,0,1,0,,,0.51,0.2633333333333333,0.3866666666666666,0.3910546250730423,,,0.0,-12,SVB failure,108.49174388960738,115.06687978463867
2023-02-27,1641.37,1665.22,1608.0,1633.45,431861.4129,23554.85,23897.99,23106.77,23492.09,283706.0859,49028050759,4120892162,4819752538.0,,20.95,121.3941,50.0,4.57,16.0,1.0,62.0,-0.0048308240068122,-0.0026679753126395,0.0208460326712584,0.5496800502000683,0.5218036806752367,0.3865738383534154,-0.0289975422964175,0,0,1,0,,,0.5,0.2633333333333333,0.3816666666666666,0.350460847515696,,,0.0,-11,SVB failure,110.777103912798,114.5123524298253
2023-02-28,1633.45,1647.52,1596.66,1605.23,393523.1647,23492.09,23600.0,23020.97,23141.57,264140.99894,49033142641,4107601583,4853381542.0,,20.7,121.3341,53.0,4.57,16.0,1.0,62.0,-0.0174272939731129,-0.0150332013979481,0.0001038511123112,0.5297844616076878,0.5129261048799683,0.3862368042618688,-0.0288966973747901,0,0,1,0,,,0.53,0.2633333333333333,0.3966666666666666,0.4722421801877348,-0.25,-0.0004943801438979,0.0,-10,SVB failure,110.78860883564712,112.5340007290878
2023-03-01,1605.24,1669.72,1595.0,1665.22,474456.8235,23141.57,24000.0,23020.03,23628.97,315287.41737,48716337990,4089844111,4741543610.0,,20.58,120.6347,50.0,4.65,16.0,1.0,62.0,0.0366901983399701,0.0208429342438966,-0.0064819937292606,0.5159142903898779,0.4988436955115218,0.3811863584294401,-0.0351710258453434,0,0,1,0,,,0.5,0.2633333333333333,0.3816666666666666,0.350460847515696,-0.120000000000001,-0.0057809266961381,0.08,-9,SVB failure,110.07280020771708,116.73957544656628
2023-03-02,1665.23,1677.86,1619.18,1647.86,423023.8082,23629.76,23796.93,23195.9,23465.32,239315.45219,49595984488,4195191837,4814175851.0,,19.59,121.1302,51.0,4.65,16.0,1.0,62.0,-0.0104797704134681,-0.0069499151047281,0.0178954163825992,0.5163755526823596,0.4977282613112185,0.3673166897958694,-0.0177495926403621,0,0,1,0,,,0.51,0.2633333333333333,0.3866666666666666,0.3910546250730423,-0.9899999999999984,0.0040990292121318,0.0,-8,SVB failure,112.06032959154817,115.52255965901124
2023-03-03,1647.86,1649.25,1544.39,1569.45,742816.5976,23465.32,23476.95,21971.13,22354.34,319954.19785,49215692145,4154833146,4808899210.0,,18.49,120.7742,50.0,4.65,16.0,1.0,62.0,-0.0487522369093608,-0.0485031008319871,-0.0076973538680149,0.5300778498192825,0.5171718382957166,0.3678137272975347,-0.0252812973274196,0,0,1,0,,,0.5,0.2633333333333333,0.3816666666666666,0.350460847515696,-1.1000000000000014,-0.0029433136148422,0.0,-7,SVB failure,111.20107282433887,110.02565828215698
2023-03-04,1569.45,1577.53,1549.12,1566.73,237640.2606,22354.34,22410.0,22157.08,22346.57,121257.38132,47715099980,3945731424,4617403537.0,,,,50.0,4.65,16.0,1.0,62.0,-0.0017345947503006,-0.0003476439328977,-0.0309646094574973,0.5300087453838567,0.5163198174338178,0.3635754358870917,-0.0550005836883661,0,0,1,0,,,0.5,0.2633333333333333,0.3816666666666666,0.350460847515696,,,0.0,-6,SVB failure,107.81053920899988,109.83497378088107
2023-03-05,1566.74,1588.77,1553.05,1564.58,299240.7415,22346.57,22662.09,22189.22,22430.24,154841.75786,47628464504,3936960647,4749935984.0,,,,47.0,4.65,17.0,1.0,58.0,-0.0013732273954761,0.0037372067095843,-0.001817332933022,0.5276268853783207,0.5166523300928381,0.3623460577251762,-0.0567164026699086,0,0,1,0,,,0.47,0.2533333333333333,0.3616666666666666,0.1880857372863109,,,0.0,-5,SVB failure,107.6147894906486,109.68424889935784
2023-03-06,1564.57,1583.49,1554.44,1565.84,307709.3011,22430.24,22602.19,22258.0,22410.0,203751.82957,47706583577,3950733977,4765926103.0,,18.61,120.485,48.0,4.65,17.0,1.0,58.0,0.000805003844879,-0.0009027606174541,0.0016388325606716,0.5275545806448018,0.5165384359409236,0.3620359453864089,-0.0551692513819777,0,0,1,0,,,0.48,0.2533333333333333,0.3666666666666666,0.2286795148436571,,,0.0,-4,SVB failure,107.79129670505591,109.77258069039004
2023-03-07,1565.84,1584.49,1536.14,1561.96,437947.9032,22409.41,22557.91,21927.0,22197.96,292519.80912,47642232877,3944658457,4729797158.0,,19.59,121.4623,49.0,4.65,17.0,1.0,58.0,-0.0024809783171547,-0.0095068950488123,-0.00134979566949,0.5223058678088024,0.5143228184773821,0.3620350325136614,-0.056443719505585,0,0,1,0,,,0.49,0.2533333333333333,0.3716666666666666,0.2692732924010034,0.9800000000000004,0.0080786627109919,0.0,-3,SVB failure,107.64589863047608,109.50057485768767
2023-03-08,1561.95,1570.89,1523.61,1532.38,460101.7658,22198.56,22287.0,21580.0,21705.44,301460.57272,47435724281,3942757418,4735375080.0,,19.11,121.4511,50.0,4.65,17.0,1.0,58.0,-0.0191193605583952,-0.0224374723911691,-0.004343991539406,0.5253280844277559,0.5192887464130046,0.3611204027355864,-0.0605336303045802,0,0,1,0,,,0.5,0.2533333333333333,0.3766666666666666,0.3098670699583497,-0.4800000000000004,-9.221393309661314e-05,0.0,-2,SVB failure,107.17929994168813,107.42688090631222
2023-03-09,1532.38,1546.45,1408.0,1437.32,718485.1364,21704.37,21834.99,20042.72,20362.22,443658.28584,46482784108,3848565621,4698596658.0,,22.61,121.4458,44.0,4.65,17.0,1.0,58.0,-0.0640418138788692,-0.0638816973065751,-0.0202936118404939,0.5515296946019349,0.5560610733574891,0.3676352801843946,-0.0794066476018795,0,0,1,0,,,0.44,0.2533333333333333,0.3466666666666667,0.0663044046142725,3.5,-4.3639914719587e-05,0.0,-1,SVB failure,105.02616615535823,100.7627380051036
2023-03-10,1437.32,1439.43,1368.39,1426.44,960262.4509,20362.21,20367.78,19549.09,20150.69,618456.4671,44258288967,3655795341,4528670078.0,,24.8,121.2421,34.0,4.65,17.0,1.0,58.0,-0.0075984386593157,-0.0104426920836925,-0.0490393346035031,0.5509745238792036,0.5558180923455515,0.3927315658965127,-0.1234628606395592,0,0,1,0,,,0.34,0.2533333333333333,0.2966666666666666,-0.3396333709591902,2.1900000000000013,-0.0016786996618794,0.0,0,SVB failure,100.0,100.0
2023-03-11,1426.43,1478.07,1408.4,1471.97,1374859.6201,20150.69,20686.51,19765.03,20455.73,427831.82133,43842205596,3541782584,4411297702.0,0.9592,,,33.0,4.65,17.0,1.0,58.0,0.0314198098658217,0.0150245078577906,-0.0094457236976469,0.5190959220190632,0.5320021727726709,0.3926621457477959,-0.1317034080322459,0,0,1,1,-0.0407999999999999,0.0407999999999999,0.33,0.2533333333333333,0.2916666666666666,-0.3802271485165365,,,0.0,1,SVB failure,99.05987470209199,103.19186225848966
2023-03-12,1471.93,1594.19,1448.3,1580.33,1002355.0929,20455.73,22150.0,20270.6,21997.11,430944.94288,42201017135,3321665171,4491342935.0,0.9848,,,33.0,4.65,16.0,1.0,76.0,0.071032046325779,0.0726480422526171,-0.0381526280253667,0.5723214281516268,0.5918102359133766,0.385012752656452,-0.1642072095196674,0,0,1,1,-0.0151999999999999,0.0151999999999999,0.33,0.31,0.32,-0.1501957423582408,,,0.0,2,SVB failure,95.3516688511525,110.78839628726058
2023-03-13,1580.33,1693.49,1565.0,1673.45,1228063.6053,21998.05,24500.0,21813.88,24113.48,687889.31259,45586517624,3559649697,5212999813.0,0.9949,26.52,120.8897,49.0,4.65,16.0,1.0,76.0,0.0572536777306649,0.0918599391330703,0.0771676831855201,0.6026074480017133,0.671593718546376,0.4757497696417987,-0.0971572402778813,0,0,1,1,-0.0050999999999999,0.0050999999999999,0.49,0.31,0.4,0.4993046985592991,,,0.0,3,SVB failure,103.00108451546863,117.316536272118
2023-03-14,1673.44,1780.02,1655.24,1699.4,1283321.2355,24112.27,26386.87,23976.42,24670.41,699360.93423,46479989195,3601820575,5237022058.0,0.9961,23.73,121.0141,56.0,4.65,16.0,1.0,76.0,0.0153878838666418,0.0228335295528605,0.0194098734159133,0.6004227509635836,0.674511967928819,0.4791698450086482,-0.0794620009628648,0,0,1,0,-0.0039,0.0039,0.56,0.31,0.435,0.7834611414607231,-2.789999999999999,0.0010285081174099,0.0,4,SVB failure,105.01985115072242,119.13575053980539
2023-03-15,1699.41,1716.9,1611.0,1649.96,963142.4833,24670.41,25196.97,23896.95,24285.66,581450.72984,46927595167,3630498171,5209658196.0,0.996,26.14,122.1079,50.0,4.65,16.0,1.0,76.0,-0.0295242023929094,-0.0157184970805925,0.0095840054364031,0.6107218804902311,0.677916813558488,0.479931665701485,-0.070597147227781,0,0,1,0,-0.004,0.004,0.5,0.31,0.405,0.5398984761166454,2.41,0.0089980123549433,0.0,5,SVB failure,106.03120062321048,115.66977931073161
2023-03-16,1649.95,1691.42,1632.18,1673.73,627985.6119,24285.66,25167.4,24123.0,24998.78,439421.32998,45777985601,3538534825,5092978072.0,0.9975,22.99,121.7221,52.0,4.65,16.0,1.0,76.0,0.0143036235416254,0.0289409709791094,-0.0248025736837833,0.6026267389616085,0.6815245736073253,0.4872773265954999,-0.0933652095248658,0,0,1,0,-0.0024999999999999,0.0024999999999999,0.52,0.31,0.415,0.621086031231338,-3.150000000000002,-0.0031645024972521,0.0,6,SVB failure,103.43369947069829,117.33616555901405
2023-03-17,1673.73,1800.0,1662.65,1789.27,907528.2825,24998.78,27756.84,24890.0,27395.13,624460.68091,45679976427,3578424800,4988802886.0,0.9977,25.51,121.5643,51.0,4.65,16.0,1.0,76.0,0.0667530467058996,0.0915382366931726,-0.0021432625294601,0.5924897445256743,0.6817794270959853,0.4833818830252112,-0.0953062850389485,0,0,1,0,-0.0022999999999999,0.0022999999999999,0.51,0.31,0.41,0.5804922536739917,2.520000000000003,-0.0012972366900009,0.0,7,SVB failure,103.21225129389897,125.43605058747652
2023-03-18,1789.26,1841.0,1747.47,1758.84,711614.731,27395.13,27724.85,26578.0,26907.49,371238.97174,48165216743,3789519532,5403713176.0,0.9971,,,64.0,4.65,16.0,1.0,76.0,-0.0171532145968471,-0.0179605738579611,0.052977066908631,0.5900320834370784,0.6729814945867293,0.478143612488267,-0.0460860036395896,0,0,1,0,-0.0029,0.0029,0.64,0.31,0.475,1.1082113619194924,,,0.0,8,SVB failure,108.82756172276136,123.30276772945233
2023-03-19,1758.84,1841.36,1757.92,1780.68,541131.8908,26907.49,28390.1,26827.22,27972.87,372066.99054,47980040248,3771020626,5529183722.0,0.9969,,,63.0,4.65,16.0,0.0,81.0,0.0123408129788258,0.0388304253763957,-0.0038520199491255,0.5804282741993227,0.6695639257648711,0.4742031755514657,-0.0497534313461853,0,0,1,0,-0.0030999999999999,0.0030999999999999,0.63,0.3233333333333333,0.4766666666666667,1.1217426211052748,,,0.0,9,SVB failure,108.4091621431073,124.83385210734417
2023-03-20,1780.67,1803.05,1722.0,1732.78,682848.1248,27972.87,28472.0,27124.47,27717.01,477378.23373,48156558963,3757247487,5590790675.0,0.9959,24.15,121.0141,66.0,4.65,16.0,0.0,81.0,-0.0272682586388458,-0.0091888077429893,0.0036722520833475,0.5891000237192728,0.6712044737987747,0.4645605164702771,-0.0462574713102009,0,0,1,0,-0.0040999999999999,0.0040999999999999,0.66,0.3233333333333333,0.4916666666666667,1.2435239537773135,,,0.0,10,SVB failure,108.8079997826094,121.47584195619865
2023-03-21,1732.77,1835.0,1717.01,1801.23,742348.4999,27717.01,28438.55,27303.1,28105.47,420929.7422,48136651734,3747586182,5620207447.0,0.9969,21.38,120.8958,68.0,4.65,16.0,0.0,81.0,0.0387427096844826,0.0139179151711749,-0.0004134710877229,0.6029126092928185,0.668611530295139,0.4638549417291583,-0.0466517347570609,0,0,1,0,-0.0030999999999999,0.0030999999999999,0.68,0.3233333333333333,0.5016666666666667,1.3247115088920065,-2.77,-0.0009780501701691,0.0,11,SVB failure,108.76302012012214,126.27450155632202
2023-03-22,1801.23,1819.98,1710.12,1734.33,891287.6009,28107.81,28868.05,26601.8,27250.97,224113.41296,48937984198,3810720144,5732700645.0,0.9972,22.26,120.6217,62.0,4.65,16.0,0.0,81.0,-0.0378485931994208,-0.0308751025112408,0.0165099906577377,0.617258860112953,0.6765182631907225,0.4676808437376452,-0.0307813140502202,0,0,1,0,-0.0028,0.0028,0.62,0.3233333333333333,0.4716666666666667,1.0811488435479286,0.8800000000000026,-0.0022698157912507,0.0,12,SVB failure,110.57360178223176,121.58450408008747
2023-03-23,1734.34,1857.16,1729.35,1813.79,732061.103,27250.97,28750.0,27105.0,28295.41,128649.60818,48105126729,3872687451,5575468811.0,0.9979,22.61,119.7587,57.0,4.65,16.0,0.0,81.0,0.0447974070589959,0.0376104838761249,-0.0171651116796257,0.628228851023377,0.6833602955674137,0.4684531097964812,-0.0472760887107717,0,0,1,0,-0.0020999999999999,0.0020999999999999,0.57,0.3233333333333333,0.4466666666666666,0.8781799557611971,0.3499999999999978,-0.0071803167629366,0.0,13,SVB failure,108.69179051379119,127.15501528280193
2023-03-24,1813.78,1818.99,1726.4,1749.57,564770.1417,28295.42,28374.3,27000.0,27454.47,86242.06544,49124277480,3912636724,5736733455.0,0.9988,21.74,120.4598,61.0,4.65,16.0,0.0,81.0,-0.036048535272103,-0.0301706044537672,0.0209646060605514,0.6414079131920056,0.6921489729701092,0.4696772593088472,-0.0270917683335274,0,0,1,0,-0.0011999999999999,0.0011999999999999,0.61,0.3233333333333333,0.4666666666666667,1.0405550659905822,-0.870000000000001,0.0058372023029852,0.0,14,SVB failure,110.99452470163995,122.652898124001
2023-03-25,1749.57,1763.23,1713.09,1741.88,355679.3743,27454.46,27787.33,27156.09,27462.95,50844.08102,48089497546,3803241818,5615893823.0,0.999,,,64.0,4.65,16.0,0.0,81.0,-0.0044050537370119,0.0003088273290112,-0.021289555261306,0.6417398298848919,0.6903977308928971,0.4751598149917377,-0.0475856252897293,0,0,1,0,-0.001,0.001,0.64,0.3233333333333333,0.4816666666666667,1.1623363986626212,,,0.0,15,SVB failure,108.65647694120449,122.11379378032024
2023-03-26,1741.88,1801.0,1739.31,1773.88,354933.2372,27462.96,28194.4,27417.76,27968.05,49671.70353,47993591806,3797177877,5570693558.0,0.9991,,,64.0,4.65,16.0,0.0,71.0,0.0182042481364974,0.018224963671601,-0.0019963090799327,0.6360070888279031,0.6790125956403463,0.4751551451084566,-0.049485042211394,0,0,1,0,-0.0009,0.0009,0.64,0.29,0.4649999999999999,1.0270238068048,,,0.0,16,SVB failure,108.43978139729968,124.3571408541544
2023-03-27,1773.88,1780.48,1686.13,1715.22,570563.5023,27968.05,28023.86,26508.14,27124.91,88039.46898,48271032576,3822960883,5592988014.0,0.9995,20.6,120.2541,64.0,4.65,16.0,0.0,71.0,-0.0336278855823683,-0.0306102933461951,0.0057641431616824,0.6478446004829075,0.690720985788609,0.4707785931118344,-0.0439903169395001,0,0,1,0,-0.0004999999999999,0.0004999999999999,0.64,0.29,0.4649999999999999,1.0270238068048,,,0.0,17,SVB failure,109.06664876265775,120.24480524943215
2023-03-28,1715.21,1795.73,1701.13,1772.99,536511.3973,27124.9,27520.0,26631.78,27261.07,78602.44341,47350061561,3751667756,5469648386.0,0.9997,19.97,119.7138,59.0,4.65,16.0,0.0,71.0,0.0331260346441161,0.0050071832660621,-0.0192635213574907,0.6501737209139626,0.6894164915653083,0.4752220378079042,-0.0622301838155986,0,0,1,0,-0.0002999999999999,0.0002999999999999,0.59,0.29,0.4399999999999999,0.8240549190180685,-0.6300000000000026,-0.0045031098994204,0.0,18,SVB failure,106.98574813026617,124.29474776366338
2023-03-29,1773.0,1827.99,1772.48,1793.07,536865.5972,27261.06,28650.0,27240.1,28348.6,89486.16008,47873678189,3846124825,5506429631.0,0.9998,19.12,119.7258,57.0,4.65,16.0,0.0,71.0,0.0112618476565735,0.039117969089514,0.0109977177324564,0.6502908107142725,0.6990057721778336,0.4708849720099132,-0.0518599360735113,0,0,1,0,-0.0001999999999999,0.0001999999999999,0.57,0.29,0.4299999999999999,0.7428673639033759,-0.8499999999999979,0.0001002340465824,0.0,19,SVB failure,108.16884092535912,125.7024480524943
2023-03-30,1793.06,1829.69,1763.0,1793.61,579690.0394,28348.6,29184.68,27686.0,28028.53,98865.43256,48518241906,3963126161,5454044784.0,1.0,19.02,119.4078,60.0,4.65,16.0,0.0,71.0,0.0003011141245275,-0.0113547262470763,0.0133740115101561,0.6461717528927646,0.6977117456543057,0.4734714009452476,-0.0390943265160343,0,0,1,0,0.0,0.0,0.6,0.29,0.4449999999999999,0.8646486965754148,-0.1000000000000014,-0.0026596027279093,0.0,20,SVB failure,109.62520928492361,125.74030453436526
2023-03-31,1793.6,1847.28,1777.91,1821.52,554525.4762,28028.53,28656.69,27511.71,28465.36,78198.12139,48662407567,3912243286,5476648714.0,0.9997,18.7,119.3602,63.0,4.65,16.0,0.0,71.0,0.0154409686684304,0.0154649894422888,0.0029669644633544,0.636698217030967,0.6965604811081786,0.4730786159194288,-0.0362391199765052,0,0,1,0,-0.0002999999999999,0.0002999999999999,0.63,0.29,0.4599999999999999,0.9864300292474536,-0.3200000000000003,-0.0003987134007118,0.0,21,SVB failure,109.95094637138776,127.696923810325
2023-04-01,1821.52,1842.83,1807.81,1820.79,272904.9674,28465.36,28819.71,28220.27,28452.73,30238.44753,49027722476,3937946255,5536817830.0,0.9997,,,61.0,4.83,16.0,0.0,71.0,-0.0004008445243675,-0.0004437956441369,0.007479089478454,0.6349826933472797,0.6953824268416361,0.4694907093977281,-0.0290040439540377,0,0,1,0,-0.0002999999999999,0.0002999999999999,0.61,0.29,0.4499999999999999,0.905242474132761,,,0.1799999999999997,22,SVB failure,110.77636216925649,127.64574745520316
2023-04-02,1820.8,1824.81,1771.7,1794.51,322122.9385,28452.74,28530.0,27856.43,28171.87,37365.65692,48987576157,3935877411,5530654246.0,0.9995,,,63.0,4.83,15.0,0.0,70.0,-0.0145384686705143,-0.0099201514277657,-0.0008191847967607,0.6104037222546499,0.6695684512988798,0.4687546368353164,-0.0297991433678074,0,0,1,0,-0.0004999999999999,0.0004999999999999,0.63,0.2833333333333333,0.4566666666666666,0.9593675108758896,,,0.0,23,SVB failure,110.68565301637906,125.80339867081685
2023-04-03,1794.51,1839.99,1762.77,1810.51,628503.6619,28171.87,28500.99,27200.24,27800.0,79180.01405,48527914799,3897345334,5523821964.0,0.9997,18.55,119.3204,63.0,4.83,15.0,0.0,70.0,0.0088765693715099,-0.0132879416650637,-0.009427522908979,0.6101689613146907,0.6730408293879694,0.4568053839845702,-0.0389027544928619,0,0,1,0,-0.0002999999999999,0.0002999999999999,0.63,0.2833333333333333,0.4566666666666666,0.9593675108758896,,,0.0,24,SVB failure,109.64706483611133,126.92507220773392
2023-04-04,1810.51,1891.91,1802.01,1870.37,622208.6411,27800.0,28444.44,27662.79,28165.47,49722.55691,48642099841,3964388620,5535696311.0,0.9996,19.0,119.142,62.0,4.83,15.0,0.0,70.0,0.032527698712763,0.0130607388888046,0.0023502125626191,0.6172547021862779,0.6732090272789003,0.456763348234266,-0.0366413152820723,0,0,1,0,-0.0003999999999999,0.0003999999999999,0.62,0.2833333333333333,0.4516666666666666,0.9187737333185434,0.4499999999999993,-0.0014962529378476,0.0,25,SVB failure,109.90506180044302,131.12153332772496
2023-04-05,1870.38,1942.98,1864.58,1908.69,548595.5155,28165.47,28775.0,27805.1,28170.01,60737.64732,49861374211,4050971006,5751643974.0,0.9997,19.08,119.2953,62.0,4.83,15.0,0.0,70.0,0.0202808706148015,0.0001611772903976,0.0247572313082425,0.6189471966177069,0.6730503148798017,0.4644142179979317,-0.0124935388243746,0,0,1,0,-0.0002999999999999,0.0002999999999999,0.62,0.2833333333333333,0.4516666666666666,0.9187737333185434,0.0799999999999983,0.0012858728153948,0.0,26,SVB failure,112.65996805293985,133.80794144864137
2023-04-06,1908.68,1909.91,1853.7,1872.41,396241.4352,28170.01,28182.05,27711.0,28033.82,40118.94963,49702235805,3993168266,5712411259.0,0.9994,18.4,119.3072,63.0,4.83,15.0,0.0,70.0,-0.0191907717032899,-0.0048462984303144,-0.0031967210006617,0.624749865791956,0.6717522685395132,0.4646001338874099,-0.0156452811626658,0,0,1,0,-0.0006,0.0006,0.63,0.2833333333333333,0.4566666666666666,0.9593675108758896,-0.6799999999999997,9.974748805965484e-05,0.0,27,SVB failure,112.30040059176063,131.26454670368187
2023-04-07,1872.41,1882.61,1841.46,1863.72,284256.4873,28033.83,28100.0,27766.94,27906.33,24762.09387,49523319095,3979339863,5719122773.0,0.9993,,119.3547,64.0,4.83,15.0,0.0,70.0,-0.0046518807808922,-0.0045580936314943,-0.0036062666333007,0.6194314920222257,0.664485060558255,0.4644922321926432,-0.019188733583163,0,0,1,0,-0.0007,0.0007,0.64,0.2833333333333333,0.4616666666666666,0.999961288433236,,0.0003980526479273,0.0,28,SVB failure,111.89614476945941,130.6553377639438
2023-04-08,1863.73,1879.38,1847.0,1848.82,197905.5407,27906.34,28154.99,27859.02,27938.38,19479.96735,49246186839,4016498723,5676370833.0,0.9994,,,61.0,4.83,15.0,0.0,70.0,-0.0080268926404812,0.0011478259451552,-0.0056117114417111,0.567775380625251,0.6121343371132661,0.458633841484055,-0.0246773487232528,0,0,1,0,-0.0006,0.0006,0.61,0.2833333333333333,0.4466666666666666,0.8781799557611971,,,0.0,29,SVB failure,111.26997448030377,129.61077928268975
2023-04-09,1848.82,1873.99,1824.01,1858.92,287131.3079,27938.38,28530.0,27800.0,28323.76,32531.16101,49319571814,4020089430,5657117806.0,0.9993,,,61.0,4.83,16.0,0.0,100.0,0.0054480761768331,0.0136996576150219,0.001489056434253,0.5649674800687601,0.6074913698145967,0.4202205450523983,-0.0232239564308734,0,0,1,0,-0.0007,0.0007,0.61,0.3866666666666666,0.4983333333333333,1.2976489905204414,,,0.0,30,SVB failure,111.43578517184388,130.31883570286868
