date,btc_cond_vol
2020-01-02,3.5412162393207636
2020-01-03,3.5541830204860814
2020-01-04,3.7972196437532215
2020-01-05,3.5789302277121715
2020-01-06,3.378890025861157
2020-01-07,3.6531433587507642
2020-01-08,3.81179422058876
2020-01-09,3.6187815915929957
2020-01-10,3.5860680739258974
2020-01-11,3.736431601317831
2020-01-12,3.6151937933909695
2020-01-13,3.472892187541793
2020-01-14,3.3026955056604983
2020-01-15,4.199434471051579
2020-01-16,3.948547150189973
2020-01-17,3.745690709385553
2020-01-18,3.6006567493708905
2020-01-19,3.398933193926237
2020-01-20,3.3367069084262164
2020-01-21,3.1705342272085146
2020-01-22,3.021836227836208
2020-01-23,2.882208167822896
2020-01-24,2.9857483845361483
2020-01-25,2.8380416256336236
2020-01-26,2.7415491714032307
2020-01-27,2.822610552358298
2020-01-28,2.9041071925038136
2020-01-29,3.2483311604266003
2020-01-30,3.093368157099754
2020-01-31,3.022262414982691
2020-02-01,2.9412771449155497
2020-02-02,2.796941681345981
2020-02-03,2.6769969408686025
2020-02-04,2.564269591284908
2020-02-05,2.4886678365379877
2020-02-06,2.802301546688783
2020-02-07,2.719066296289986
2020-02-08,2.5960427606759526
2020-02-09,2.4935915558814297
2020-02-10,2.5302238187556876
2020-02-11,2.658483589935396
2020-02-12,2.818506967355126
2020-02-13,2.700475931463667
2020-02-14,2.6056992123264013
2020-02-15,2.513457113373417
2020-02-16,2.8680286426888646
2020-02-17,2.729691914034348
2020-02-18,2.7243045161541306
2020-02-19,3.021224913375356
2020-02-20,3.528640595843501
2020-02-21,3.332970671212993
2020-02-22,3.162191981422393
2020-02-23,3.0013289468243123
2020-02-24,3.005632687098847
2020-02-25,3.0401338555283166
2020-02-26,3.16398463431818
2020-02-27,3.6516728777527594
2020-02-28,3.446644904363097
2020-02-29,3.307121846420913
2020-03-01,3.2153046999176635
2020-03-02,3.0461576349440844
2020-03-03,3.2408939361670894
2020-03-04,3.1402292453949316
2020-03-05,2.978984588638145
2020-03-06,3.0454641657834296
2020-03-07,2.900877712979772
2020-03-08,2.934101789270402
2020-03-09,4.511624485968195
2020-03-10,4.265848744769928
2020-03-11,4.015155833260167
2020-03-12,3.7809309123625905
2020-03-13,17.790065227290793
2020-03-14,17.335862075105194
2020-03-15,16.35384635314284
2020-03-16,15.267564241266737
2020-03-17,14.39171003867465
2020-03-18,13.523835027732332
2020-03-19,12.600102671250811
2020-03-20,12.58598641891148
2020-03-21,11.72202792640698
2020-03-22,10.919215790816173
2020-03-23,10.405821721143312
2020-03-24,10.34651297468029
2020-03-25,9.741019049933042
2020-03-26,9.087356639579882
2020-03-27,8.475570949429674
2020-03-28,8.166561030423782
2020-03-29,7.652343701216791
2020-03-30,7.4384955347046695
2020-03-31,7.498918878942372
2020-04-01,6.998678474515599
2020-04-02,6.639906421574451
2020-04-03,6.2446023654995235
2020-04-04,5.848051104950031
2020-04-05,5.499435874726924
2020-04-06,5.170241754263324
2020-04-07,5.533784798764969
2020-04-08,5.224723675365582
2020-04-09,4.946868701264595
2020-04-10,4.656562441230418
2020-04-11,4.862087507396478
2020-04-12,4.55920778272304
2020-04-13,4.280542908080298
2020-04-14,4.041785718870791
2020-04-15,3.804846153622782
2020-04-16,3.822658331809057
2020-04-17,4.310077061954536
2020-04-18,4.072074259735236
2020-04-19,3.9634258000764384
2020-04-20,3.791427753549903
2020-04-21,3.8807176706331687
2020-04-22,3.6556059110128802
2020-04-23,3.7033428732974034
2020-04-24,3.8565249572766724
2020-04-25,3.6336690774842237
2020-04-26,3.430304517100393
2020-04-27,3.3061190311908084
2020-04-28,3.144189785125369
2020-04-29,2.9888995987586897
2020-04-30,5.153691183839382
2020-05-01,4.876732803695436
2020-05-02,4.635985578101808
2020-05-03,4.380072941193624
2020-05-04,4.1302926855015665
2020-05-05,3.8875412776537956
2020-05-06,3.6989872588866106
2020-05-07,3.512183980285602
2020-05-08,4.468973978903445
2020-05-09,4.255863142020295
2020-05-10,4.120586675729741
2020-05-11,4.994302541900687
2020-05-12,4.733283911835033
2020-05-13,4.53785500313205
2020-05-14,4.643141995184601
2020-05-15,4.673802852507462
2020-05-16,4.731770488295438
2020-05-17,4.442684149525265
2020-05-18,4.29714019166258
2020-05-19,4.040727793844104
2020-05-20,3.803676461393573
2020-05-21,3.722442841235605
2020-05-22,3.9019675654821095
2020-05-23,3.689697083756919
2020-05-24,3.4803249602249062
2020-05-25,3.7625815246156167
2020-05-26,3.606220720108256
2020-05-27,3.4157730382695695
2020-05-28,3.4941507840526254
2020-05-29,3.5525489866007316
2020-05-30,3.4073394114236235
2020-05-31,3.3510390099969753
2020-06-01,3.311359921162699
2020-06-02,4.067382652567092
2020-06-03,4.544464477487391
2020-06-04,4.292919763896793
2020-06-05,4.0524501467904095
2020-06-06,3.8690443479558674
2020-06-07,3.6463778836904166
2020-06-08,3.4483012643178483
2020-06-09,3.2597935790661716
2020-06-10,3.08801731457915
2020-06-11,2.9495760533250537
2020-06-12,3.587296083934936
2020-06-13,3.4436183414452595
2020-06-14,3.2549047009400494
2020-06-15,3.1288910415889
2020-06-16,2.977980146214435
2020-06-17,2.846304224635588
2020-06-18,2.723953589083692
2020-06-19,2.6216849832828757
2020-06-20,2.5288459252120425
2020-06-21,2.4254963493509756
2020-06-22,2.3475954840289073
2020-06-23,2.6410629639770358
2020-06-24,2.538574199511219
2020-06-25,2.7364017870750987
2020-06-26,2.620383116360854
2020-06-27,2.5342850667595913
2020-06-28,2.507010065081829
2020-06-29,2.426794308896189
2020-06-30,2.3417455805843383
2020-07-01,2.2686407821754515
2020-07-02,2.2079604940193045
2020-07-03,2.2178323810909224
2020-07-04,2.148801256304646
2020-07-05,2.094292582828252
2020-07-06,2.055204298865274
2020-07-07,2.2229176915381323
2020-07-08,2.180242634166864
2020-07-09,2.1938982031218175
2020-07-10,2.270584149188884
2020-07-11,2.1951376146774244
2020-07-12,2.137952008290167
2020-07-13,2.0807732253178206
2020-07-14,2.0394551313773372
2020-07-15,1.9833392035648316
2020-07-16,1.9528302305722784
2020-07-17,1.9294101096255794
2020-07-18,1.885802815584779
2020-07-19,1.847126003612493
2020-07-20,1.815208316811389
2020-07-21,1.800624857301991
2020-07-22,1.9435460593140492
2020-07-23,1.9425026242156465
2020-07-24,1.913885345972386
2020-07-25,1.8946593034792312
2020-07-26,1.9287177865222969
2020-07-27,2.0317001509346766
2020-07-28,4.080541110200305
2020-07-29,3.8649865663992053
2020-07-30,3.6830545211655696
2020-07-31,3.4746659308544916
2020-08-01,3.3510310421660576
2020-08-02,3.4399949265727208
2020-08-03,3.961318069046472
2020-08-04,3.7514582339698506
2020-08-05,3.5397595469993353
2020-08-06,3.7107072197805997
2020-08-07,3.499530904350807
2020-08-08,3.3520849944611406
2020-08-09,3.2012777177085727
2020-08-10,3.0472115388727024
2020-08-11,2.947097314264023
2020-08-12,3.1985203619116724
2020-08-13,3.0658624448692695
2020-08-14,2.9674991231149224
2020-08-15,2.8224126736955673
2020-08-16,2.696634971924349
2020-08-17,2.576648651012933
2020-08-18,2.661230236934931
2020-08-19,2.7372896783878202
2020-08-20,2.681624633005783
2020-08-21,2.5711516414653763
2020-08-22,2.6592554045322707
2020-08-23,2.5624023282405752
2020-08-24,2.454662313555556
2020-08-25,2.3675279596763685
2020-08-26,2.6441347577308276
2020-08-27,2.5546669064069247
2020-08-28,2.4873371444112213
2020-08-29,2.444849770658796
2020-08-30,2.3587338257031685
2020-08-31,2.3674714124385488
2020-09-01,2.289310999783057
2020-09-02,2.328380804488836
2020-09-03,2.7765941765635698
2020-09-04,4.8523384160053755
2020-09-05,4.652241256205452
2020-09-06,4.477230650351486
2020-09-07,4.211524875903239
2020-09-08,3.9739549785300827
2020-09-09,3.8452373155857953
2020-09-10,3.6321893486445207
2020-09-11,3.444319542446888
2020-09-12,3.25744178213109
2020-09-13,3.0868903560991816
2020-09-14,2.9582701504037128
2020-09-15,3.0047678694118694
2020-09-16,2.870833915323192
2020-09-17,2.7741313728875236
2020-09-18,2.6462887925496483
2020-09-19,2.5296737481969664
2020-09-20,2.4568989822562526
2020-09-21,2.422987200803633
2020-09-22,2.8736061306157343
2020-09-23,2.752801085437974
2020-09-24,2.8144968482598456
2020-09-25,3.1094626377197265
2020-09-26,2.957407755046763
2020-09-27,2.812074375770746
2020-09-28,2.6803654087089988
2020-09-29,2.5777881350121525
2020-09-30,2.4999398984856582
2020-10-01,2.4103166487840806
2020-10-02,2.3833159814961014
2020-10-03,2.3011781151167456
2020-10-04,2.222270297613806
2020-10-05,2.1748690809956717
2020-10-06,2.132772793513419
2020-10-07,2.174983309017679
2020-10-08,2.110346895168701
2020-10-09,2.187891628776056
2020-10-10,2.1424829746645013
2020-10-11,2.1883009686349473
2020-10-12,2.1233553010873085
2020-10-13,2.1014496162610112
2020-10-14,2.0737467636958637
2020-10-15,2.014874476216788
2020-10-16,1.9723680418664746
2020-10-17,2.0208264219244447
2020-10-18,1.9679581105264363
2020-10-19,1.9563312678730524
2020-10-20,2.027730191979778
2020-10-21,2.0144649448221417
2020-10-22,3.086669453219428
2020-10-23,2.96269766040644
2020-10-24,2.821354752404207
2020-10-25,2.723840192120166
2020-10-26,2.6133092882640994
2020-10-27,2.4986627875911718
2020-10-28,2.803369779577785
2020-10-29,2.8542195882889105
2020-10-30,2.751507562107704
2020-10-31,2.6323370447526293
2020-11-01,2.5705954997829727
2020-11-02,2.46346502356934
2020-11-03,2.4365794822490257
2020-11-04,2.5989861322856025
2020-11-05,2.4972237370380106
2020-11-06,4.083762225917075
2020-11-07,3.8429437323200926
2020-11-08,4.038517978406581
2020-11-09,4.065291914439845
2020-11-10,3.8445157127140916
2020-11-11,3.6245306133205224
2020-11-12,3.5145574389048932
2020-11-13,3.5500327600550485
2020-11-14,3.352244270840906
2020-11-15,3.225659254213781
2020-11-16,3.0703148866037133
2020-11-17,3.298145235175184
2020-11-18,3.6270629112282045
2020-11-19,3.427132810931059
2020-11-20,3.2397158460573627
2020-11-21,3.442803281482237
2020-11-22,3.2542214698676215
2020-11-23,3.1385383089006
2020-11-24,2.9794585419127437
2020-11-25,3.159684714680858
2020-11-26,3.1165349574196184
2020-11-27,4.271346697395536
2020-11-28,4.015425008948597
2020-11-29,3.9347419032312816
2020-11-30,3.7991191741166515
2020-12-01,4.486204612989997
2020-12-02,4.553831414487585
2020-12-03,4.339035322582637
2020-12-04,4.090650768728436
2020-12-05,4.115029701019638
2020-12-06,3.963820384024174
2020-12-07,3.745945524008284
2020-12-08,3.5546020012941466
2020-12-09,3.7227744370111036
2020-12-10,3.5281201482547386
2020-12-11,3.3848103227994986
2020-12-12,3.235536646324844
2020-12-13,3.366274247692156
2020-12-14,3.242065693367326
2020-12-15,3.072873981770081
2020-12-16,2.924248587500284
2020-12-17,4.227483614237366
2020-12-18,4.559378159663315
2020-12-19,4.299670859342416
2020-12-20,4.161753337765879
2020-12-21,3.9582967100753486
2020-12-22,3.9025285051121283
2020-12-23,3.995022239649903
2020-12-24,3.868064017797758
2020-12-25,3.7058944066568795
2020-12-26,3.745835553718566
2020-12-27,4.241769875205647
2020-12-28,4.001399919211328
2020-12-29,3.8912240199918333
2020-12-30,3.680203516778791
2020-12-31,3.899440880611577
2021-01-01,3.672759538244864
2021-01-02,3.4910853314918713
2021-01-03,4.55780389600523
2021-01-04,4.355553031723417
2021-01-05,4.245895844754963
2021-01-06,4.4645030014564195
2021-01-07,4.987812950515663
2021-01-08,5.237361401701973
2021-01-09,4.994373457360534
2021-01-10,4.705682816323781
2021-01-11,4.756074783092594
2021-01-12,5.182760634777661
2021-01-13,5.053764952416802
2021-01-14,5.69339125618355
2021-01-15,5.5467807362590476
2021-01-16,5.656111139209783
2021-01-17,5.347622793855044
2021-01-18,5.012001745634505
2021-01-19,4.750736712641951
2021-01-20,4.520932459399638
2021-01-21,4.270058690887026
2021-01-22,6.316870624515061
2021-01-23,6.305559467005953
2021-01-24,5.97383099945175
2021-01-25,5.5879958344130145
2021-01-26,5.22983543500377
2021-01-27,4.901557533539478
2021-01-28,5.170284243454074
2021-01-29,5.804735372260185
2021-01-30,5.4961733987266745
2021-01-31,5.144797137734338
2021-02-01,4.98120492814043
2021-02-02,4.685560819095799
2021-02-03,4.78464141258394
2021-02-04,4.905334513832119
2021-02-05,4.6502571360326534
2021-02-06,4.522552582772793
2021-02-07,4.310741276446341
2021-02-08,4.070951653394603
2021-02-09,7.2132940331606
2021-02-10,6.733940923063537
2021-02-11,6.418440183560262
2021-02-12,6.423931213498083
2021-02-13,6.028019283814453
2021-02-14,5.6384930247182234
2021-02-15,5.365010966430556
2021-02-16,5.051676755613901
2021-02-17,4.803639814015414
2021-02-18,4.922464391786711
2021-02-19,4.6351715936244355
2021-02-20,5.144183909506801
2021-02-21,4.820401044965894
2021-02-22,4.609500634629637
2021-02-23,4.815831172357153
2021-02-24,5.743197067921785
2021-02-25,5.395674487731499
2021-02-26,5.402914388454137
2021-02-27,5.0995299109876395
2021-02-28,4.7817400833682635
2021-03-01,4.5542951317435865
2021-03-02,5.337321782358559
2021-03-03,5.072050031056986
2021-03-04,4.922140917520196
2021-03-05,4.833796190254646
2021-03-06,4.537970270979357
2021-03-07,4.2603953292035825
2021-03-08,4.239271461101741
2021-03-09,4.0817932667916805
2021-03-10,4.145686824330374
2021-03-11,3.9373697263173244
2021-03-12,3.8711094994511828
2021-03-13,3.667279550731941
2021-03-14,4.132840792403936
2021-03-15,4.1096527777290115
2021-03-16,4.392795851446569
2021-03-17,4.192349079094929
2021-03-18,4.104994825015771
2021-03-19,3.944935523945621
2021-03-20,3.718536055950423
2021-03-21,3.5067335439001095
2021-03-22,3.3509438466086947
2021-03-23,3.7938366949257945
2021-03-24,3.577438627722743
2021-03-25,3.6472291842487454
2021-03-26,3.517890245784044
2021-03-27,4.082280184019136
2021-03-28,3.8656328299003855
2021-03-29,3.642602430243677
2021-03-30,3.601718090268126
2021-03-31,3.4528325882963995
2021-04-01,3.263777979592807
2021-04-02,3.091093369561986
2021-04-03,2.9337967369056144
2021-04-04,3.0316558699015985
2021-04-05,2.947516704182005
2021-04-06,2.8446015608574817
2021-04-07,2.804590354697269
2021-04-08,2.968226759284697
2021-04-09,3.078043060746927
2021-04-10,2.9208919456249585
2021-04-11,2.919183156252299
2021-04-12,2.7772892975350003
2021-04-13,2.6508575053188728
2021-04-14,3.2428219087415866
2021-04-15,3.096162193548811
2021-04-16,2.9378525641683986
2021-04-17,2.9909780819183367
2021-04-18,2.955475928082835
2021-04-19,3.663982334737461
2021-04-20,3.4770371303578194
2021-04-21,3.3137329350601874
2021-04-22,3.5722608055841247
2021-04-23,3.66342002854535
2021-04-24,3.483619253542487
2021-04-25,3.385416861232671
2021-04-26,3.286042323085743
2021-04-27,4.503366876652145
2021-04-28,4.2686108887424385
2021-04-29,4.015389199974228
2021-04-30,3.8802945355181304
2021-05-01,4.438180093507653
2021-05-02,4.168315111282804
2021-05-03,3.999666475484379
2021-05-04,3.777032116038906
2021-05-05,4.375560927079676
2021-05-06,4.859737331482349
2021-05-07,4.608733854169558
2021-05-08,4.354711906419092
2021-05-09,4.181827851750036
2021-05-10,3.9549978074565346
2021-05-11,4.0243253720321635
2021-05-12,3.8163971047962173
2021-05-13,5.870947643605432
2021-05-14,5.491165646784963
2021-05-15,5.140348266299441
2021-05-16,5.319755441531835
2021-05-17,4.990736275335438
2021-05-18,5.203933011138717
2021-05-19,4.91224551585738
2021-05-20,7.112796413026341
2021-05-21,7.452229896804792
2021-05-22,7.562287905783674
2021-05-23,7.058490303678996
2021-05-24,7.1360941518044205
2021-05-25,7.692604117857315
2021-05-26,7.194102164244149
2021-05-27,6.759147283283735
2021-05-28,6.350660259787151
2021-05-29,6.5320560558981695
2021-05-30,6.200766437919954
2021-05-31,5.875797859637199
2021-06-01,5.689691328258392
2021-06-02,5.355013331907221
2021-06-03,5.071298117834354
2021-06-04,4.9697459795880015
2021-06-05,5.1750463104390345
2021-06-06,5.022762518073
2021-06-07,4.712412358734213
2021-06-08,4.98047150100907
2021-06-09,4.674161430413309
2021-06-10,5.844286926314435
2021-06-11,5.51377643236899
2021-06-12,5.190835630302238
2021-06-13,5.168011837189249
2021-06-14,5.78557883833114
2021-06-15,5.553306426928035
2021-06-16,5.210920904813444
2021-06-17,5.148362292803449
2021-06-18,4.8318680890070285
2021-06-19,5.0295820585073026
2021-06-20,4.729092775595932
2021-06-21,4.436783336892873
2021-06-22,5.892604892233891
2021-06-23,5.586575061828862
2021-06-24,5.3562867294673016
2021-06-25,5.1027508072136545
2021-06-26,5.7930918366777915
2021-06-27,5.464215743285588
2021-06-28,5.6669029109524
2021-06-29,5.308846352157628
2021-06-30,5.147725675662806
2021-07-01,4.906073511455503
2021-07-02,4.873208389364194
2021-07-03,4.575302959025037
2021-07-04,4.375120707772125
2021-07-05,4.147412456516236
2021-07-06,4.237773623711552
2021-07-07,4.0130229965708155
2021-07-08,3.8003364917761604
2021-07-09,3.740458538207561
2021-07-10,3.644466414261318
2021-07-11,3.4594355082660235
2021-07-12,3.346633549735745
2021-07-13,3.4074602557259004
2021-07-14,3.250402274909434
2021-07-15,3.0783770027754667
2021-07-16,3.1077118691999144
2021-07-17,3.0079803042178903
2021-07-18,2.8585332761922735
2021-07-19,2.730424838508474
2021-07-20,2.8246642898126075
2021-07-21,2.9675964145434346
2021-07-22,3.8175707380209336
2021-07-23,3.598913147468233
2021-07-24,3.6576569528414087
2021-07-25,3.499181214652936
2021-07-26,3.47107787803735
2021-07-27,3.699755412440686
2021-07-28,3.9953443598665235
2021-07-29,3.7856574535374037
2021-07-30,3.568778126763582
2021-07-31,3.8133230813898153
2021-08-01,3.6558444075043863
2021-08-02,3.7341303203314165
2021-08-03,3.5835633434625156
2021-08-04,3.4998325513608193
2021-08-05,3.5486777068037543
2021-08-06,3.475358531680014
2021-08-07,3.6420384950916618
2021-08-08,3.6802298425341085
2021-08-09,3.534670307801253
2021-08-10,3.8079738697696377
2021-08-11,3.6320875876190977
2021-08-12,3.4292719263488483
2021-08-13,3.367283975646995
2021-08-14,4.046012931235571
2021-08-15,3.852746276450191
2021-08-16,3.6320543257165467
2021-08-17,3.5323071473910033
2021-08-18,3.4758132041664833
2021-08-19,3.2846333888219674
2021-08-20,3.4512965196664167
2021-08-21,3.7195746141597166
2021-08-22,3.5313906018510908
2021-08-23,3.34365711763181
2021-08-24,3.1655831332956477
2021-08-25,3.289358165760708
2021-08-26,3.2338973278712206
2021-08-27,3.4524042452537933
2021-08-28,3.611735458814751
2021-08-29,3.4134893280261425
2021-08-30,3.2305446914696794
2021-08-31,3.342516389010388
2021-09-01,3.1624608091750495
2021-09-02,3.220383202188388
2021-09-03,3.0610538770670077
2021-09-04,2.9428262027422925
2021-09-05,2.800001694263756
2021-09-06,2.923701268363763
2021-09-07,2.833094649661495
2021-09-08,4.899259690905733
2021-09-09,4.640949480082249
2021-09-10,4.359892413910397
2021-09-11,4.275798481065132
2021-09-12,4.023375444808425
2021-09-13,3.8322365175437767
2021-09-14,3.7168043556842627
2021-09-15,3.842532749759548
2021-09-16,3.6832691980877694
2021-09-17,3.490256829134314
2021-09-18,3.3186992710887164
2021-09-19,3.209537402482538
2021-09-20,3.1485568296182183
2021-09-21,4.446472929870548
2021-09-22,4.6044173407583235
2021-09-23,4.871757729823673
2021-09-24,4.671418575908869
2021-09-25,4.692911233092662
2021-09-26,4.406304375635912
2021-09-27,4.152796195766231
2021-09-28,4.002984893614532
2021-09-29,3.8951996025259525
2021-09-30,3.6865599149410437
2021-10-01,3.91897662453412
2021-10-02,4.879503604666141
2021-10-03,4.594552135420848
2021-10-04,4.326692862396155
2021-10-05,4.12068903919436
2021-10-06,4.151504792229996
2021-10-07,4.600419929287609
2021-10-08,4.43790064158501
2021-10-09,4.1683580929482025
2021-10-10,3.9622815865031957
2021-10-11,3.7381616297094844
2021-10-12,3.903851754988756
2021-10-13,3.798668503636565
2021-10-14,3.664109294486514
2021-10-15,3.4574534356026145
2021-10-16,4.088123886772806
2021-10-17,3.8792422679014344
2021-10-18,3.6675568448313562
2021-10-19,3.4665290967121676
2021-10-20,3.4842360113931186
2021-10-21,3.4017364004699506
2021-10-22,3.8470082545302664
2021-10-23,3.735346615853826
2021-10-24,3.5334957086978815
2021-10-25,3.350730867357433
2021-10-26,3.3844744884794795
2021-10-27,3.5769148219831486
2021-10-28,3.5742427742298664
2021-10-29,3.5815955617101447
2021-10-30,3.495907650243938
2021-10-31,3.3141656793837377
2021-11-01,3.158150914870426
2021-11-02,3.0065930924451703
2021-11-03,3.109354239660559
2021-11-04,2.9586101293122797
2021-11-05,2.949906369802833
2021-11-06,2.8217475436413055
2021-11-07,2.6987806806253505
2021-11-08,2.7432998800133204
2021-11-09,3.4134196668530037
2021-11-10,3.2464469488636136
2021-11-11,3.2787760936401136
2021-11-12,3.1061340085675915
2021-11-13,2.97426296780782
2021-11-14,2.8275054400120014
2021-11-15,2.7484755893289035
2021-11-16,2.834892090711175
2021-11-17,3.383652919380444
2021-11-18,3.2017602649523176
2021-11-19,3.6856481330383803
2021-11-20,3.535328381655807
2021-11-21,3.462080321779276
2021-11-22,3.343722864844961
2021-11-23,3.494858371345525
2021-11-24,3.3814894709382908
2021-11-25,3.2119011879481074
2021-11-26,3.2122430159863917
2021-11-27,4.46653441069446
2021-11-28,4.234053457560098
2021-11-29,4.260967255786634
2021-11-30,4.012649980751716
2021-12-01,3.8171326515114528
2021-12-02,3.5981973298167986
2021-12-03,3.4306981429901517
2021-12-04,3.7408644924969923
2021-12-05,4.663628502746927
2021-12-06,4.377567217642554
2021-12-07,4.166384209708424
2021-12-08,3.9183797593170775
2021-12-09,3.692682707068614
2021-12-10,4.077537810481112
2021-12-11,3.852516252413539
2021-12-12,3.9488280073546003
2021-12-13,3.740171099375683
2021-12-14,4.29489365273285
2021-12-15,4.193544965809051
2021-12-16,3.955671698104094
2021-12-17,3.841002728091225
2021-12-18,3.8013713272339955
2021-12-19,3.613016541003554
2021-12-20,3.4141572615018654
2021-12-21,3.2299232725929934
2021-12-22,3.3520918212710638
2021-12-23,3.1825460630797715
2021-12-24,3.3726381158602092
2021-12-25,3.190601309545541
2021-12-26,3.04293160874853
2021-12-27,2.895805872893496
2021-12-28,2.7569745894506683
2021-12-29,3.4790468460268067
2021-12-30,3.3952586142487338
2021-12-31,3.2390445478180134
2022-01-01,3.1523999575354145
2022-01-02,3.16844689982735
2022-01-03,3.026455069594031
2022-01-04,2.952192468022121
2022-01-05,2.853280236635515
2022-01-06,3.314851233097506
2022-01-07,3.156565107742312
2022-01-08,3.2603215656385824
2022-01-09,3.0874236301641016
2022-01-10,2.930995163219669
2022-01-11,2.788403071588102
2022-01-12,2.744308046947456
2022-01-13,2.7614180301256965
2022-01-14,2.8649469335698496
2022-01-15,2.7489211455503204
2022-01-16,2.6217675934779896
2022-01-17,2.5071832563467376
2022-01-18,2.520516268489615
2022-01-19,2.4157138954245814
2022-01-20,2.4031347931791296
2022-01-21,2.4702995214162935
2022-01-22,4.526267459401775
2022-01-23,4.469254519973174
2022-01-24,4.3339771242861005
2022-01-25,4.086375503596299
2022-01-26,3.8510511005503494
2022-01-27,3.6335960279961497
2022-01-28,3.439571311544666
2022-01-29,3.2831592851360654
2022-01-30,3.1281697209503556
2022-01-31,2.9832508227400076
2022-02-01,2.873804802036975
2022-02-02,2.738912574872844
2022-02-03,3.117392016596461
2022-02-04,2.975166598822438
2022-02-05,4.6431340977680415
2022-02-06,4.362503266506837
2022-02-07,4.169930832979908
2022-02-08,4.076550429367983
2022-02-09,3.8369114769007364
2022-02-10,3.620966534875121
2022-02-11,3.4977879941673256
2022-02-12,3.440793209945725
2022-02-13,3.2573838621351454
2022-02-14,3.0904001109555534
2022-02-15,2.9515341817512972
2022-02-16,3.200039149690289
2022-02-17,3.0872894471133954
2022-02-18,4.057994507343318
2022-02-19,3.8538259927243774
2022-02-20,3.6310336073787126
2022-02-21,3.7596263365092595
2022-02-22,3.782371545970016
2022-02-23,3.7215272643403776
2022-02-24,3.636807574603589
2022-02-25,3.555374988954141
2022-02-26,3.4375437851966524
2022-02-27,3.252540590306022
2022-02-28,3.3557882121849527
2022-03-01,5.605528562358876
2022-03-02,5.329148719738529
2022-03-03,5.012313051612882
2022-03-04,4.850603225081796
2022-03-05,5.3717797026828595
2022-03-06,5.032306384240117
2022-03-07,4.805858534844945
2022-03-08,4.529388487749978
2022-03-09,4.296312267026639
2022-03-10,4.855670747699411
2022-03-11,5.055800348624999
2022-03-12,4.784788248424463
2022-03-13,4.4877974884402025
2022-03-14,4.327810773910713
2022-03-15,4.383023125148018
2022-03-16,4.136748336589947
2022-03-17,4.177603685943546
2022-03-18,3.9346770666670254
2022-03-19,3.7610266245250963
2022-03-20,3.5591504752974688
2022-03-21,3.462507963977557
2022-03-22,3.283579238288793
2022-03-23,3.288553427794814
2022-03-24,3.1342566597293717
2022-03-25,3.0848202884707763
2022-03-26,2.9335598650280144
2022-03-27,2.7909810420590215
2022-03-28,3.1552851103178834
2022-03-29,2.9955971802223567
2022-03-30,2.850944730970715
2022-03-31,2.7334568258629717
2022-04-01,2.878507330057688
2022-04-02,2.7892795580979204
2022-04-03,2.689683596141572
2022-04-04,2.597407052430446
2022-04-05,2.485333626135157
2022-04-06,2.5365993344602735
2022-04-07,3.0662160760325508
2022-04-08,2.914588055803549
2022-04-09,2.9529737185442677
2022-04-10,2.8289271727281924
2022-04-11,2.747837961447063
2022-04-12,3.474358045220832
2022-04-13,3.3092911669781566
2022-04-14,3.247112935676982
2022-04-15,3.2605242656154036
2022-04-16,3.122560052073421
2022-04-17,2.9684521062176197
2022-04-18,2.8974309692046667
2022-04-19,2.9023116843858814
2022-04-20,2.8103660143671605
2022-04-21,2.6825888282636443
2022-04-22,2.682791038842379
2022-04-23,2.660999489342193
2022-04-24,2.5582886824348123
2022-04-25,2.4493870761008396
2022-04-26,2.4793907743256858
2022-04-27,3.167660730919634
2022-04-28,3.1486201658059367
2022-04-29,3.0102103828453406
2022-04-30,3.0517996581973668
2022-05-01,3.043024684103631
2022-05-02,2.973666758860412
2022-05-03,2.825760023399805
2022-05-04,2.8014412556262784
2022-05-05,3.162140279358263
2022-05-06,4.172264452960488
2022-05-07,3.9646887042733754
2022-05-08,3.777433790036895
2022-05-09,3.85702183532747
2022-05-10,5.655585086905347
2022-05-11,5.387207601080345
2022-05-12,5.52574835159885
2022-05-13,5.173943298933856
2022-05-14,4.853310683405145
2022-05-15,4.634360597371896
2022-05-16,4.551527006541735
2022-05-17,4.5984164373564465
2022-05-18,4.357217541879084
2022-05-19,4.590871146941454
2022-05-20,4.678625715486865
2022-05-21,4.594255289267573
2022-05-22,4.318326318638566
2022-05-23,4.162341326614614
2022-05-24,4.169183780053972
2022-05-25,3.964197861674532
2022-05-26,3.7369468410876236
2022-05-27,3.5531291790232884
2022-05-28,3.435571923117735
2022-05-29,3.275175093353837
2022-05-30,3.134711467876093
2022-05-31,3.8871909007861545
2022-06-01,3.6615466380677857
2022-06-02,4.147754829394823
2022-06-03,3.9608510608184155
2022-06-04,3.8411816982221185
2022-06-05,3.6217446723676803
2022-06-06,3.4179632290380297
2022-06-07,3.5987330482149122
2022-06-08,3.412868410390448
2022-06-09,3.407020026552629
2022-06-10,3.225521005312507
2022-06-11,3.2993238667540545
2022-06-12,3.238559350279056
2022-06-13,3.8839454631994688
2022-06-14,6.8816588913479615
2022-06-15,6.454589475516926
2022-06-16,6.064553283965358
2022-06-17,6.6999424887401835
2022-06-18,6.258620479214858
2022-06-19,6.435780566836149
2022-06-20,6.611964177511424
2022-06-21,6.177135706420882
2022-06-22,5.777632923420253
2022-06-23,5.560160448810822
2022-06-24,5.516804166117113
2022-06-25,5.165906504434854
2022-06-26,4.852436316814365
2022-06-27,4.618702467965823
2022-06-28,4.368775196556679
2022-06-29,4.188153754191248
2022-06-30,3.9516959548973967
2022-07-01,3.7389181907511087
2022-07-02,3.731761287165802
2022-07-03,3.5203924034712855
2022-07-04,3.3255773671151383
2022-07-05,3.509536336359757
2022-07-06,3.3190173553959337
2022-07-07,3.1982863008196474
2022-07-08,3.466027011221474
2022-07-09,3.2769754010933476
2022-07-10,3.1030000043464625
2022-07-11,3.1956187344062554
2022-07-12,3.4147811629602747
2022-07-13,3.434960517270307
2022-07-14,3.5882635343038363
2022-07-15,3.4305765037462925
2022-07-16,3.26132715967114
2022-07-17,3.1358845132789854
2022-07-18,3.057263363659993
2022-07-19,3.8689688172269845
2022-07-20,3.9038317475639928
2022-07-21,3.690097562244908
2022-07-22,3.484396442991477
2022-07-23,3.378933976200628
2022-07-24,3.222336376107905
2022-07-25,3.055767715595839
2022-07-26,3.55479366796708
2022-07-27,3.3598363420225663
2022-07-28,4.106363122219238
2022-07-29,4.0631125849671355
2022-07-30,3.8263593326933942
2022-07-31,3.614032777621829
2022-08-01,3.4584927166799733
2022-08-02,3.2697557615032085
2022-08-03,3.132019131871283
2022-08-04,2.986379590305162
2022-08-05,2.859244089868637
2022-08-06,2.8932908557563417
2022-08-07,2.815427333845782
2022-08-08,2.695827844430835
2022-08-09,2.7194321396160643
2022-08-10,2.7909271974393635
2022-08-11,2.887466724454731
2022-08-12,2.7486316496379746
2022-08-13,2.692460708795721
2022-08-14,2.570325759051271
2022-08-15,2.4723691116426605
2022-08-16,2.3980018829202905
2022-08-17,2.33916418877809
2022-08-18,2.3913831091075686
2022-08-19,2.3154914121577614
2022-08-20,4.372036842348242
2022-08-21,4.131691333542914
2022-08-22,3.925308412192248
2022-08-23,3.704469638739222
2022-08-24,3.497118007029953
2022-08-25,3.318816215459686
2022-08-26,3.150696782169553
2022-08-27,3.7316448479317557
2022-08-28,3.541995202028206
2022-08-29,3.4632453981496196
2022-08-30,3.489625018221464
2022-08-31,3.410657171706151
2022-09-01,3.2443759526441607
2022-09-02,3.0737732910634614
2022-09-03,2.9397984348882464
2022-09-04,2.807421204351831
2022-09-05,2.6850156255178255
2022-09-06,2.5960792556155186
2022-09-07,3.1019923744536073
2022-09-08,3.06456273926289
2022-09-09,2.9085630781598195
2022-09-10,4.394421404734978
2022-09-11,4.148048400056664
2022-09-12,3.9079079109488646
2022-09-13,3.773689035733932
2022-09-14,5.109789761888598
2022-09-15,4.78781293797605
2022-09-16,4.593045057379121
2022-09-17,4.31270387787579
2022-09-18,4.0812608149772105
2022-09-19,4.04628104666098
2022-09-20,3.8109774903158367
2022-09-21,3.802077575382145
2022-09-22,3.6764374900076864
2022-09-23,3.845382376886495
2022-09-24,3.6321288798494935
2022-09-25,3.503198024194218
2022-09-26,3.3198056830410247
2022-09-27,3.2203766774662195
2022-09-28,3.0679056074136923
2022-09-29,2.9618499160734157
2022-09-30,2.8270412749548983
2022-10-01,2.7157723400716036
2022-10-02,2.6040038503574925
2022-10-03,2.5427328741587742
2022-10-04,2.6197315105719956
2022-10-05,2.7642869745127543
2022-10-06,2.6602806040567364
2022-10-07,2.571928316224705
2022-10-08,2.5910536596245715
2022-10-09,2.4916178107040348
2022-10-10,2.388772790580856
2022-10-11,2.374797331696383
2022-10-12,2.291018654504541
2022-10-13,2.2112435939902073
2022-10-14,2.1632109369917116
2022-10-15,2.1337355816153387
2022-10-16,2.0824672922390457
2022-10-17,2.0427566603641174
2022-10-18,2.0376981167382016
2022-10-19,2.0325650084931803
2022-10-20,2.0217103312648184
2022-10-21,1.97816784155584
2022-10-22,1.935970656517893
2022-10-23,1.8915518910641267
2022-10-24,1.9459124147246862
2022-10-25,1.9609088799292487
2022-10-26,2.291353754757541
2022-10-27,2.4736543765468926
2022-10-28,2.5229497909912846
2022-10-29,2.4577269035079143
2022-10-30,2.3781196185295266
2022-10-31,2.3146038288888198
2022-11-01,2.2476009760002698
2022-11-02,2.1702851495925817
2022-11-03,2.1897684507598236
2022-11-04,2.117804645097286
2022-11-05,2.5526058968793923
2022-11-06,2.4511155590852782
2022-11-07,2.454441992546504
2022-11-08,2.4255233113508385
2022-11-09,4.3463804460684115
2022-11-10,6.714455886159953
2022-11-11,7.137866603184531
2022-11-12,6.756584771041072
2022-11-13,6.337676614559172
2022-11-14,6.017407970535672
2022-11-15,5.653543592835802
2022-11-16,5.3159210980314
2022-11-17,5.007893844363337
2022-11-18,4.693628165408806
2022-11-19,4.403893570317055
2022-11-20,4.137104463789615
2022-11-21,4.002523033986926
2022-11-22,3.9338530385171646
2022-11-23,3.813679509510852
2022-11-24,3.668622270974583
2022-11-25,3.461536834665659
2022-11-26,3.278350181920734
2022-11-27,3.10943028263085
2022-11-28,2.9518456880528867
2022-11-29,2.8524527821024637
2022-11-30,2.7493529004486765
2022-12-01,2.9853670077345766
2022-12-02,2.8693052579922993
2022-12-03,2.7366221479230934
2022-12-04,2.6538228560067334
2022-12-05,2.5655137659546954
2022-12-06,2.4786996487424693
2022-12-07,2.3848550982890355
2022-12-08,2.3623511425117814
2022-12-09,2.386752636120702
2022-12-10,2.307601430082015
2022-12-11,2.223808357278391
2022-12-12,2.152576800551814
2022-12-13,2.093326508082538
2022-12-14,2.2913675165358582
2022-12-15,2.2084723990438535
2022-12-16,2.329862667731547
2022-12-17,2.7148070332763274
2022-12-18,2.6019261674447516
2022-12-19,2.49202244454206
2022-12-20,2.48390359444375
2022-12-21,2.542984681279713
2022-12-22,2.4433920006277527
2022-12-23,2.3460490419778397
2022-12-24,2.2622023354427507
2022-12-25,2.183200613608197
2022-12-26,2.11253389679944
2022-12-27,2.0521024049157517
2022-12-28,2.0548573255111138
2022-12-29,2.0341330562723656
2022-12-30,1.9824422141118867
2022-12-31,1.9358099208539028
2023-01-01,1.9010409766103176
2023-01-02,1.8632137017624983
2023-01-03,1.8281840341555728
2023-01-04,1.7970446833908382
2023-01-05,1.7950546699434298
2023-01-06,1.769675138820267
2023-01-07,1.754887447763788
2023-01-08,1.7333568364838687
2023-01-09,1.7422952919657038
2023-01-10,1.721492593282019
2023-01-11,1.7658164162121557
2023-01-12,1.9723794186640207
2023-01-13,2.5290996638762135
2023-01-14,3.0639707563788807
2023-01-15,3.3570815039367834
2023-01-16,3.1815478437520173
2023-01-17,3.0501944099416076
2023-01-18,2.8987976564689353
2023-01-19,2.8747758080212122
2023-01-20,2.8000893558118003
2023-01-21,3.633784849848792
2023-01-22,3.431121922853621
2023-01-23,3.247871396938969
2023-01-24,3.0867841120893553
2023-01-25,2.968930969924465
2023-01-26,2.8827962634258935
2023-01-27,2.7463118266383377
2023-01-28,2.6194625347497853
2023-01-29,2.5077734298420253
2023-01-30,2.6060968919568643
2023-01-31,2.866467617119366
2023-02-01,2.7565132265729027
2023-02-02,2.7594621075934485
2023-02-03,2.6632732349856756
2023-02-04,2.5477385860915676
2023-02-05,2.4485147871594033
2023-02-06,2.4366864268946795
2023-02-07,2.3601283140912197
2023-02-08,2.364856599838685
2023-02-09,2.322801345687946
2023-02-10,2.9080125527705434
2023-02-11,2.7854641063606427
2023-02-12,2.6740414630077085
2023-02-13,2.5600580112522016
2023-02-14,2.451539730832951
2023-02-15,2.431229367120595
2023-02-16,3.8826658693521483
2023-02-17,3.8558945321788562
2023-02-18,3.91403753746274
2023-02-19,3.6862965877498124
2023-02-20,3.5227849499063137
2023-02-21,3.4100884167604284
2023-02-22,3.280037424028325
2023-02-23,3.136193457556011
2023-02-24,3.001151064893675
2023-02-25,3.079112398014117
2023-02-26,2.9234634787644915
2023-02-27,2.8306391178373373
2023-02-28,2.699766447972545
2023-03-01,2.640470617841
2023-03-02,2.6092443423689287
2023-03-03,2.5125105134592696
2023-03-04,2.9662078607672075
2023-03-05,2.819787775753886
2023-03-06,2.686830150641949
2023-03-07,2.5667064495611944
2023-03-08,2.486450588473661
2023-03-09,2.5249309499799937
2023-03-10,3.313183843784844
2023-03-11,3.163107978837447
2023-03-12,3.034006359082085
2023-03-13,3.784984817058549
2023-03-14,4.738966843163561
2023-03-15,4.505579646332787
2023-03-16,4.272648875240203
2023-03-17,4.125435245742934
2023-03-18,4.971743142173849
2023-03-19,4.709163168906547
2023-03-20,4.601444160752221
2023-03-21,4.334872402713433
2023-03-22,4.095293707447624
2023-03-23,4.013161741205908
2023-03-24,3.9768191010859955
2023-03-25,3.9018032045369355
2023-03-26,3.67520919908524
2023-03-27,3.5141521771401667
2023-03-28,3.5013700530765366
2023-03-29,3.309739478308277
2023-03-30,3.389911327650188
2023-03-31,3.23688827913677
2023-04-01,3.1029027244316874
2023-04-02,2.944371970675402
2023-04-03,2.8273835838141874
2023-04-04,2.741611449865489
2023-04-05,2.6446084547951947
2023-04-06,2.5274870530341875
2023-04-07,2.4313813394693433
2023-04-08,2.344141195573975
2023-04-09,2.2559339372251066
2023-04-10,2.216362108621672
2023-04-11,2.620671091665333
2023-04-12,2.5748881905829903
2023-04-13,2.4986853915088405
2023-04-14,2.4469632636376297
2023-04-15,2.3489554359845455
2023-04-16,2.2741603565211834
2023-04-17,2.193497380015543
2023-04-18,2.3745413789874803
2023-04-19,2.5096652086314717
2023-04-20,3.0685078634911522
2023-04-21,3.0014889601120562
2023-04-22,3.124328866568319
2023-04-23,3.0312342719400545
2023-04-24,2.8980026561448256
2023-04-25,2.7613252192232767
2023-04-26,2.789669247245297
2023-04-27,2.659799597540472
2023-04-28,2.8128521239139928
2023-04-29,2.6907583578082717
2023-04-30,2.5732756316440786
2023-05-01,2.463016845294219
2023-05-02,2.778488838009146
2023-05-03,2.7334997036764532
2023-05-04,2.6337688056127675
2023-05-05,2.532770361707829
2023-05-06,2.5347102982914738
2023-05-07,2.5671750194922267
2023-05-08,2.5201043941488583
2023-05-09,2.6111398850356267
2023-05-10,2.4989730975998463
2023-05-11,2.397143159740599
2023-05-12,2.4569091154153297
2023-05-13,2.3738833030833906
2023-05-14,2.284075963825006
2023-05-15,2.20560013021403
2023-05-16,2.1469767343757233
2023-05-17,2.090754889839496
2023-05-18,2.0712266155599917
2023-05-19,2.1652346354088974
2023-05-20,2.0955855665260317
2023-05-21,2.046109556093766
2023-05-22,2.0539250289411224
2023-05-23,1.9976060664285638
2023-05-24,1.9904067870468776
2023-05-25,2.2840646388397774
2023-05-26,2.205961344163216
2023-05-27,2.1460324183243813
2023-05-28,2.082740741874184
2023-05-29,2.498747938686742
2023-05-30,2.4395081789288424
2023-05-31,2.344220035222329
2023-06-01,2.3520776621373387
2023-06-02,2.3308366201355186
2023-06-03,2.296157530303338
2023-06-04,2.230010402437377
2023-06-05,2.153456637773233
2023-06-06,2.8014131205069743
2023-06-07,3.279265578814139
2023-06-08,3.330407236107089
2023-06-09,3.1549206502197116
2023-06-10,2.992113201702038
2023-06-11,2.9808089827937465
2023-06-12,2.832822515970027
2023-06-13,2.698957687811371
2023-06-14,2.576270115468253
2023-06-15,2.7188967523799357
2023-06-16,2.6592801025633572
2023-06-17,2.7077603986378938
2023-06-18,2.589701703985908
2023-06-19,2.493939989332189
2023-06-20,2.4648346177956606
2023-06-21,2.959052731104728
2023-06-22,3.418691414139398
2023-06-23,3.2371020710461234
2023-06-24,3.1846141156274506
2023-06-25,3.027422124182789
2023-06-26,2.8776234291191343
2023-06-27,2.7524270653252705
2023-06-28,2.658926998417062
2023-06-29,2.650000271867519
2023-06-30,2.5582461432377412
2023-07-01,2.4490272393692685
2023-07-02,2.351420019301776
2023-07-03,2.262514534616659
2023-07-04,2.250175657369232
2023-07-05,2.22637234260499
2023-07-06,2.1787120496584267
2023-07-07,2.238213374191276
2023-07-08,2.209129045330643
2023-07-09,2.1383866419808157
2023-07-10,2.080926660443488
2023-07-11,2.033328614898907
2023-07-12,1.9862722917871403
2023-07-13,1.9640698035925848
2023-07-14,2.2324282476605544
2023-07-15,2.535353488553333
2023-07-16,2.429558796803594
2023-07-17,2.3359217971962787
2023-07-18,2.2544377960282223
2023-07-19,2.207840467771823
2023-07-20,2.133603187374994
2023-07-21,2.0752748921213224
2023-07-22,2.016159521342745
2023-07-23,1.9709276033413379
2023-07-24,1.9425253577602333
2023-07-25,2.200434431872893
2023-07-26,2.1269820751591317
2023-07-27,2.0632501556225042
2023-07-28,2.015322390772856
2023-07-29,1.9625569336335655
2023-07-30,1.9150669656068817
2023-07-31,1.8782655534842638
2023-08-01,1.8439788827875259
2023-08-02,1.877910439710044
2023-08-03,1.9571299424947162
2023-08-04,1.9108070913119524
2023-08-05,1.8752675329297166
2023-08-06,1.840862274802949
2023-08-07,1.807851486161073
2023-08-08,1.7806666885259372
2023-08-09,1.8541593327150938
2023-08-10,1.83994771136424
2023-08-11,1.8181416915890576
2023-08-12,1.7897870485614353
2023-08-13,1.7632895254018304
2023-08-14,1.7513003196926724
2023-08-15,1.7313065712783857
2023-08-16,1.7424870708412334
2023-08-17,1.8280950838705126
2023-08-18,3.233713271411163
2023-08-19,3.1664931262064875
2023-08-20,3.00152037021657
2023-08-21,2.851810186953079
2023-08-22,2.7185019261724173
2023-08-23,2.5982620317285137
2023-08-24,2.5237181302830898
2023-08-25,2.4486237535092816
2023-08-26,2.359733714726358
2023-08-27,2.2726880159657115
2023-08-28,2.192424235003954
2023-08-29,2.120046577179674
2023-08-30,2.8638087245032993
2023-08-31,2.7866967684023316
2023-09-01,3.220347062963228
2023-09-02,3.059901764235714
2023-09-03,2.9044611239472684
2023-09-04,2.7639323498350596
2023-09-05,2.6469492812780566
2023-09-06,2.531137534031961
2023-09-07,2.4264040274698826
2023-09-08,2.4064006390520225
2023-09-09,2.3680380021033356
2023-09-10,2.2783750989470075
2023-09-11,2.2010334008462062
2023-09-12,2.340942338223468
2023-09-13,2.412426365341633
2023-09-14,2.3608056340067187
2023-09-15,2.2958903589914916
2023-09-16,2.2129792307326506
2023-09-17,2.140954380507967
2023-09-18,2.0761097267329696
2023-09-19,2.0312533838538114
2023-09-20,2.0426651521119705
2023-09-21,1.9929877994084568
2023-09-22,2.0902799605364875
2023-09-23,2.0289871453348836
2023-09-24,1.9749763753787952
2023-09-25,1.986124706047468
2023-09-26,1.9360285807150286
2023-09-27,1.8987611400677535
2023-09-28,1.8640503921248455
2023-09-29,1.9887610581803226
2023-09-30,1.9488590413912388
2023-10-01,1.902960738152568
2023-10-02,2.237246203460893
2023-10-03,2.2634388286926734
2023-10-04,2.1880110244938717
2023-10-05,2.1505799117146807
2023-10-06,2.1456805485646755
2023-10-07,2.1613645707226348
2023-10-08,2.0921749547220725
2023-10-09,2.032992301235475
2023-10-10,2.031114330917617
2023-10-11,1.9997014606896228
2023-10-12,2.0739242655704224
2023-10-13,2.0244621234089
2023-10-14,1.971457988648026
2023-10-15,1.924144481224269
2023-10-16,1.909762233089487
2023-10-17,2.4708787366274056
2023-10-18,2.3770839874363996
2023-10-19,2.2903254573027225
2023-10-20,2.247356127290876
2023-10-21,2.42090263558077
2023-10-22,2.335646826859107
2023-10-23,2.2485838327337255
2023-10-24,3.966657263869382
2023-10-25,3.824324895725026
2023-10-26,3.6415756088381928
2023-10-27,3.459672545706141
2023-10-28,3.2851035904350367
2023-10-29,3.112811356299923
2023-10-30,2.9784830492424645
2023-10-31,2.8321741992550833
2023-11-01,2.6992879768750653
2023-11-02,2.6739531451617675
2023-11-03,2.6074759455296954
2023-11-04,2.508959390714632
2023-11-05,2.421305473045061
2023-11-06,2.327705856143551
2023-11-07,2.241215167521907
2023-11-08,2.182896054277456
2023-11-09,2.117606557290081
2023-11-10,2.2718047275084516
2023-11-11,2.2483601391107517
2023-11-12,2.1805699946087875
2023-11-13,2.112469455901398
2023-11-14,2.1405379848322483
2023-11-15,2.273005087067457
2023-11-16,3.0475686904825245
2023-11-17,3.325129916972328
2023-11-18,3.168307246384844
2023-11-19,3.00481472891796
2023-11-20,2.9350205602473363
2023-11-21,2.7907065791357737
2023-11-22,3.1396847904440404
2023-11-23,3.3423572423585846
2023-11-24,3.1662944820083827
2023-11-25,3.0194651730121285
2023-11-26,2.867465533439495
2023-11-27,2.753096121195697
2023-11-28,2.6367596608544437
2023-11-29,2.5641835139656814
2023-11-30,2.4543439483042278
2023-12-01,2.361619813900987
2023-12-02,2.412118348697317
2023-12-03,2.3994193286877628
2023-12-04,2.339741717498483
2023-12-05,2.7899942945044813
2023-12-06,3.1118045616937775
2023-12-07,2.9668865060755922
2023-12-08,2.854470953994889
2023-12-09,2.794889081690296
2023-12-10,2.6955001563064203
2023-12-11,2.5730815984331072
2023-12-12,3.2480925369373437
2023-12-13,3.079369125374404
2023-12-14,3.1125434668944787
2023-12-15,2.9530642016900317
2023-12-16,2.959100637343934
2023-12-17,2.8211799702697355
2023-12-18,2.80442236005374
2023-12-19,2.8527653805953004
2023-12-20,2.740457512093052
2023-12-21,2.8222854342075605
2023-12-22,2.6898267139238006
2023-12-23,2.568094040529778
2023-12-24,2.4721746115089918
2023-12-25,2.451583673399663
2023-12-26,2.388196001174835
2023-12-27,2.470457945684615
2023-12-28,2.4663567379246283
2023-12-29,2.482418556826372
2023-12-30,2.42480099914142
2023-12-31,2.3284626647166555
2024-01-01,2.242621617987795
2024-01-02,2.6111586781336356
2024-01-03,2.5542646740586847
2024-01-04,2.984649997733886
2024-01-05,3.000887598235166
2024-01-06,2.8511875228717622
2024-01-07,2.7213384146722928
2024-01-08,2.5979553244834035
2024-01-09,3.3478411720047694
2024-01-10,3.2395403272696415
2024-01-11,3.0880320755054798
2024-01-12,2.944275000739587
2024-01-13,3.9706365119379776
2024-01-14,3.738164329967697
2024-01-15,3.655221753510506
2024-01-16,3.4975798597398846
2024-01-17,3.3346904827541533
2024-01-18,3.1742070525974615
2024-01-19,3.2567220057998396
2024-01-20,3.091747498931119
2024-01-21,2.9334440556293444
2024-01-22,2.793295411386527
2024-01-23,3.196982072370712
2024-01-24,3.0381144638249693
2024-01-25,2.886390528464981
2024-01-26,2.75118721679971
2024-01-27,3.031340187881617
2024-01-28,2.884452992071817
2024-01-29,2.7476546219399745
2024-01-30,2.7956093032974776
2024-01-31,2.6862470969413113
2024-02-01,2.5881920941055054
2024-02-02,2.500529376189231
2024-02-03,2.397039305499878
2024-02-04,2.312790732482328
2024-02-05,2.2636736476509447
2024-02-06,2.184109692972618
2024-02-07,2.1281085705979272
2024-02-08,2.2634383197654317
2024-02-09,2.283373847118428
2024-02-10,2.5685633065828415
2024-02-11,2.4896382613340426
2024-02-12,2.4108690452981176
2024-02-13,2.5563740811320836
2024-02-14,2.455925163975767
2024-02-15,2.7265824662500466
2024-02-16,2.6012538330318904
2024-02-17,2.4900159592975117
2024-02-18,2.4168146762838663
2024-02-19,2.3373458134722584
2024-02-20,2.2693552279363036
2024-02-21,2.204782210182946
2024-02-22,2.1559531724803875
2024-02-23,2.1314515935946816
2024-02-24,2.1085558615837767
2024-02-25,2.1053070803059035
2024-02-26,2.0426316518370835
2024-02-27,2.6358343929072827
2024-02-28,2.94822935950374
2024-02-29,4.15525641461568
2024-03-01,3.9857699333245677
2024-03-02,3.807520968617732
2024-03-03,3.5991718452368495
2024-03-04,3.444187319068965
2024-03-05,4.19510062411067
2024-03-06,4.630709378725647
2024-03-07,4.507216749904122
2024-03-08,4.245035913910684
2024-03-09,4.036914153871196
2024-03-10,3.799281705072461
2024-03-11,3.59078263845304
2024-03-12,3.6964643481714208
2024-03-13,3.504758601162737
2024-03-14,3.387964200439545
2024-03-15,3.317742502254159
2024-03-16,3.2899745183023112
2024-03-17,3.8189526482630933
2024-03-18,3.9158956287639652
2024-03-19,3.7157530486631822
2024-03-20,4.668772472425329
2024-03-21,5.36133078516713
2024-03-22,5.177911600087486
2024-03-23,4.946142562529671
2024-03-24,4.636889665826433
2024-03-25,4.650542304336491
2024-03-26,4.550823750874277
2024-03-27,4.27208529919808
2024-03-28,4.027552645981106
2024-03-29,3.8361099673824657
2024-03-30,3.650866755517194
2024-03-31,3.4498393410143406
2024-04-01,3.351854928616833
2024-04-02,3.284309284575536
2024-04-03,3.8078684633850854
2024-04-04,3.594621049457068
2024-04-05,3.6133159761988427
2024-04-06,3.4329643725336236
2024-04-07,3.281498044638333
2024-04-08,3.11152809992118
2024-04-09,3.133285050245859
2024-04-10,3.2317372941941964
2024-04-11,3.1353697831050984
2024-04-12,2.995223544086301
2024-04-13,3.2227182816854034
2024-04-14,3.514091178086882
2024-04-15,3.431653421867596
2024-04-16,3.4788310853759867
2024-04-17,3.290312193436517
2024-04-18,3.434304426095339
2024-04-19,3.447043939696621
2024-04-20,3.2606451588977783
2024-04-21,3.1355115817726458
2024-04-22,2.9737707709712926
2024-04-23,2.974779770997687
2024-04-24,2.839292019718914
2024-04-25,2.949775927777913
2024-04-26,2.8045696658923114
2024-04-27,2.709414185321139
2024-04-28,2.595325081086635
2024-04-29,2.4943108710377704
2024-04-30,2.416730605325822
2024-05-01,2.955496277470265
2024-05-02,3.1369958920001166
2024-05-03,2.9955321879048435
2024-05-04,3.5432473261822532
2024-05-05,3.382403011934098
2024-05-06,3.1988018686589337
2024-05-07,3.0746809426768484
2024-05-08,2.96482616450282
2024-05-09,2.899181754244109
2024-05-10,2.9304415222530356
2024-05-11,3.0855454009758976
2024-05-12,2.927970794087917
2024-05-13,2.8020303616308975
2024-05-14,2.773874496023394
2024-05-15,2.7662038324938427
2024-05-16,3.599210126842842
2024-05-17,3.444279647493384
2024-05-18,3.3719906119779792
2024-05-19,3.1912397822171727
2024-05-20,3.0490046241105135
2024-05-21,3.8519681228586093
2024-05-22,3.6941687011664563
2024-05-23,3.52645180256522
2024-05-24,3.3953050891995753
2024-05-25,3.219388210985874
2024-05-26,3.0660656449722468
2024-05-27,2.944335374155078
2024-05-28,2.828842569062755
2024-05-29,2.755096494272742
2024-05-30,2.662905620305241
2024-05-31,2.5611380269461455
2024-06-01,2.4959852501254782
2024-06-02,2.393389570746358
2024-06-03,2.300872098234888
2024-06-04,2.2668050628632086
2024-06-05,2.328624011289883
2024-06-06,2.2529150117445464
2024-06-07,2.1837726260124017
2024-06-08,2.2473967549525544
2024-06-09,2.170456658593518
2024-06-10,2.1031403811650753
2024-06-11,2.0430028337266766
2024-06-12,2.310790336146961
2024-06-13,2.266728450910492
2024-06-14,2.334872853282052
2024-06-15,2.2893542013630914
2024-06-16,2.207032223912894
2024-06-17,2.1402350254496447
2024-06-18,2.078264122057583
2024-06-19,2.154086218787183
2024-06-20,2.091873358144594
2024-06-21,2.0330731069220342
2024-06-22,2.0271720835991647
2024-06-23,1.9724199004449097
2024-06-24,2.023263328034641
2024-06-25,2.594137492977609
2024-06-26,2.607237675530568
2024-06-27,2.561196067628931
2024-06-28,2.4870066403367845
2024-06-29,2.5088225265937947
2024-06-30,2.418476490516383
2024-07-01,2.506250167698085
2024-07-02,2.4019485727045313
2024-07-03,2.3570173997667876
2024-07-04,2.540140893486224
2024-07-05,3.0981668738457366
2024-07-06,2.9557247750204403
2024-07-07,2.9524623787739124
2024-07-08,3.17925307425027
2024-07-09,3.0496176324490114
2024-07-10,2.9901039716613984
2024-07-11,2.851666988198245
2024-07-12,2.7300237506064255
2024-07-13,2.618689868312958
2024-07-14,2.6050877695034678
2024-07-15,2.6362106655531443
2024-07-16,3.2843582397958317
2024-07-17,3.1112532067125374
2024-07-18,3.005263328491708
2024-07-19,2.8566468804841016
2024-07-20,3.0395851962727094
2024-07-21,2.892165735419454
2024-07-22,2.791097781626421
2024-07-23,2.686613064214884
2024-07-24,2.7126875918819198
2024-07-25,2.612330794602079
2024-07-26,2.5033718850454636
2024-07-27,2.612620926088331
2024-07-28,2.4988002506257616
2024-07-29,2.3983573807268947
2024-07-30,2.4415936945260683
2024-07-31,2.3720410829123857
2024-08-01,2.445018313555843
2024-08-02,2.3697776522671794
2024-08-03,3.138556193479216
2024-08-04,3.019216856828041
2024-08-05,3.2508069371742137
2024-08-06,4.035948278673303
2024-08-07,3.9840209093929637
2024-08-08,3.799467340424969
2024-08-09,5.2398838793358165
2024-08-10,4.9368418875056825
2024-08-11,4.628059088910463
2024-08-12,4.543459412579523
2024-08-13,4.276930907223278
2024-08-14,4.073505861736621
2024-08-15,4.004303051495824
2024-08-16,3.840205642681281
2024-08-17,3.6924384905078194
2024-08-18,3.4960608761413936
2024-08-19,3.3721337008525434
2024-08-20,3.2342935186837836
2024-08-21,3.0784553270515875
2024-08-22,3.149223117759535
2024-08-23,3.0273131309863945
2024-08-24,3.4899969150231707
2024-08-25,3.297267297264223
2024-08-26,3.121027276542916
2024-08-27,3.0689267308277173
2024-08-28,3.527479173324678
2024-08-29,3.3431522340695303
2024-08-30,3.165697062384907
2024-08-31,3.0070024273929947
2024-09-01,2.859730375800083
2024-09-02,2.917723237740094
2024-09-03,2.9601080249746183
2024-09-04,2.996352919719689
2024-09-05,2.855951187830504
2024-09-06,2.948325637489511
2024-09-07,3.1545547407718924
2024-09-08,2.991452196589884
2024-09-09,2.869068563674675
2024-09-10,3.0182290953949953
2024-09-11,2.882202599817084
2024-09-12,2.7526188662552484
2024-09-13,2.6581791825163323
2024-09-14,2.863134710334146
2024-09-15,2.747067406340385
2024-09-16,2.678131474067347
2024-09-17,2.6260799840429394
2024-09-18,2.769030387930064
2024-09-19,2.747779976783513
2024-09-20,2.6888570966511045
2024-09-21,2.568388233108054
2024-09-22,2.458157444245785
2024-09-23,2.3595325581626376
2024-09-24,2.2773310999067764
2024-09-25,2.240286158526675
2024-09-26,2.260755721090759
2024-09-27,2.4134146201058826
2024-09-28,2.332580119082807
2024-09-29,2.2455053598324306
2024-09-30,2.1757111127795574
2024-10-01,2.4612929340419734
2024-10-02,2.7766259751501576
2024-10-03,2.6506268562890916
2024-10-04,2.5324331305678096
2024-10-05,2.522969681902471
2024-10-06,2.4180621552479264
2024-10-07,2.35101146467542
2024-10-08,2.2946685552030828
2024-10-09,2.213321597075764
2024-10-10,2.3257873072444304
2024-10-11,2.2514718134891156
2024-10-12,2.4770372214772323
2024-10-13,2.3957157902591883
2024-10-14,2.3147864570220733
2024-10-15,2.783994093208842
2024-10-16,2.6925773788009137
2024-10-17,2.580181461134783
2024-10-18,2.4737159709405616
2024-10-19,2.4159752494990245
2024-10-20,2.321934080349561
2024-10-21,2.2525199390303645
2024-10-22,2.350526503856903
2024-10-23,2.261829736882669
2024-10-24,2.2271932511226353
2024-10-25,2.270810208195864
2024-10-26,2.3401962907442866
2024-10-27,2.2571693598914737
2024-10-28,2.2177823387856903
2024-10-29,2.330196180605179
2024-10-30,2.586859711060795
2024-10-31,2.48660526491714
2024-11-01,2.605571251812729
2024-11-02,2.531917834427742
2024-11-03,2.4278745470296346
2024-11-04,2.3582066587117327
2024-11-05,2.328391767478904
2024-11-06,2.351698709562614
2024-11-07,3.680560818629518
2024-11-08,3.4726777099271477
2024-11-09,3.2901441554375324
2024-11-10,3.114500721482011
2024-11-11,3.3452360234837197
2024-11-12,4.595863319137934
2024-11-13,4.326083426120551
2024-11-14,4.159968111138148
2024-11-15,4.1048225292317895
2024-11-16,4.100959638475416
2024-11-17,3.8645407614136484
2024-11-18,3.6561906526673202
2024-11-19,3.454074705702884
2024-11-20,3.326991568671078
2024-11-21,3.21987412647825
2024-11-22,3.3523921358372273
2024-11-23,3.174677167239886
2024-11-24,3.047823474631148
2024-11-25,2.8934000795502812
2024-11-26,3.303988176094227
2024-11-27,3.1588172200805364
2024-11-28,3.2967107796863564
2024-11-29,3.1233662810026876
2024-11-30,3.0211601931842202
2024-12-01,2.901229127499634
2024-12-02,2.7687202981368757
2024-12-03,2.6936739024246226
2024-12-04,2.5719655542379316
2024-12-05,2.6266738404644716
2024-12-06,2.5901762705576634
2024-12-07,2.645284470937544
2024-12-08,2.5277132982169728
2024-12-09,2.451465584799194
2024-12-10,2.733462323423404
2024-12-11,2.6246691720327564
2024-12-12,2.9380488174621027
2024-12-13,2.827980994080519
2024-12-14,2.7275911132940585
2024-12-15,2.6028038310408377
2024-12-16,2.6700760834218786
2024-12-17,2.5925649182753823
2024-12-18,2.480092964489616
2024-12-19,3.1355402429020383
2024-12-20,3.1418074114188594
2024-12-21,2.9797132434078653
2024-12-22,2.841246184646569
2024-12-23,2.8246778478250567
2024-12-24,2.695450189174666
2024-12-25,2.880566225931752
2024-12-26,2.749190846524508
2024-12-27,2.946414432552211
2024-12-28,2.864264311415845
2024-12-29,2.743689628311854
2024-12-30,2.6908928054554284
2024-12-31,2.6009033643275457
2025-01-01,2.4984852167662885
2025-01-02,2.4158049135849518
2025-01-03,2.4568582156058927
2025-01-04,2.385480583160483
2025-01-05,2.293400186161224
2025-01-06,2.210304119752009
2025-01-07,2.489232104689694
2025-01-08,3.0438983281729453
2025-01-09,2.982469982877153
2025-01-10,2.9985486354225093
2025-01-11,2.944568662889853
2025-01-12,2.8011340888037632
2025-01-13,2.6699823872208954
2025-01-14,2.550650174406554
2025-01-15,2.533964408676844
2025-01-16,2.7651369933183814
2025-01-17,2.646408281888103
2025-01-18,2.8569607643963124
2025-01-19,2.721539279231821
2025-01-20,2.835473379316076
2025-01-21,2.7124957453878067
2025-01-22,2.8669089597080832
2025-01-23,2.8606616546878283
2025-01-24,2.722994165751459
2025-01-25,2.6111651335907933
2025-01-26,2.498593557952448
2025-01-27,2.5142500976211153
2025-01-28,2.42080379406225
2025-01-29,2.3454407718718295
2025-01-30,2.379115256556385
2025-01-31,2.3034631752859025
2025-02-01,2.366480497197796
2025-02-02,2.3716316821502805
2025-02-03,2.5230491006645095
2025-02-04,2.700450803790972
2025-02-05,2.8842540531069885
2025-02-06,2.783584103723139
2025-02-07,2.6540778858945178
2025-02-08,2.536609534544285
2025-02-09,2.4305800755937987
2025-02-10,2.334192637450038
2025-02-11,2.2654557935864275
2025-02-12,2.279111039857205
2025-02-13,2.303478760062321
2025-02-14,2.275992500148911
2025-02-15,2.2102300461895914
2025-02-16,2.135974448508657
2025-02-17,2.1475303244924016
2025-02-18,2.087264463349396
2025-02-19,2.028131128553051
2025-02-20,1.994976790207291
2025-02-21,2.015510928397192
2025-02-22,2.122949345665164
2025-02-23,2.059138174713509
2025-02-24,2.007320986431161
2025-02-25,2.6494121889084044
2025-02-26,2.7836181872908368
2025-02-27,3.2215523683567966
2025-02-28,3.0546126988829276
2025-03-01,2.9065622789000156
2025-03-02,2.8377014420045823
2025-03-03,4.106133679874899
2025-03-04,4.97875673890332
2025-03-05,4.6811299712851
2025-03-06,4.562764726047515
2025-03-07,4.294597624096891
2025-03-08,4.234393976896768
2025-03-09,3.9910676419348494
2025-03-10,4.4204681900610785
2025-03-11,4.2670068397032015
2025-03-12,4.396371728726873
2025-03-13,4.137604480538993
2025-03-14,4.052924289613294
2025-03-15,3.981891172910354
2025-03-16,3.749580927237191
2025-03-17,3.62166115419797
2025-03-18,3.4602242397465375
2025-03-19,3.3233423280363033
2025-03-20,3.5414284456431417
2025-03-21,3.5256403037434203
2025-03-22,3.3317582355710114
2025-03-23,3.156445423414834
2025-03-24,3.1124046909264567
2025-03-25,2.9955213790847135
2025-03-26,2.847329588807928
2025-03-27,2.7221663837787013
2025-03-28,2.5982503838891344
2025-03-29,2.7539331713296438
2025-03-30,2.742578036717183
2025-03-31,2.6209186329153775
2025-04-01,2.5055651468265987
2025-04-02,2.6086427625393904
2025-04-03,2.7448735035802847
2025-04-04,2.628332813872866
2025-04-05,2.5222109257092438
2025-04-06,2.4246904937832365
2025-04-07,3.2288674037429996
2025-04-08,3.069969951484376
2025-04-09,3.1982715828245087
2025-04-10,4.0472336139912555
2025-04-11,4.03677566986907
2025-04-12,4.10777294615348
2025-04-13,3.927708717094738
2025-04-14,3.7600747441168414
2025-04-15,3.556291140512662
2025-04-16,3.38739176335885
2025-04-17,3.2050166319847206
2025-04-18,3.0534237752297857
2025-04-19,2.909090502145127
2025-04-20,2.7734804981543606
2025-04-21,2.643835450374224
2025-04-22,2.675010304752811
2025-04-23,3.3771513603632584
2025-04-24,3.1941845083490046
2025-04-25,3.0272134035896965
2025-04-26,2.8804777223614897
2025-04-27,2.741636129261387
2025-04-28,2.6421625641518887
2025-04-29,2.557220274220784
2025-04-30,2.4702977290969463
2025-05-01,2.3710711255985486
2025-05-02,2.411256798957228
2025-05-03,2.317853978517525
2025-05-04,2.272494584805655
2025-05-05,2.2803297755786676
2025-05-06,2.2013547957306203
2025-05-07,2.2405888861677306
2025-05-08,2.162978227203489
2025-05-09,2.9619551322324114
2025-05-10,2.819257539613707
2025-05-11,2.742175011336606
2025-05-12,2.630864230921458
2025-05-13,2.563642288081882
2025-05-14,2.483373402655686
2025-05-15,2.3948227459657883
2025-05-16,2.3016500806591407
2025-05-17,2.2231882725401193
2025-05-18,2.153978205270838
2025-05-19,2.331122526465301
2025-05-20,2.27025962736022
2025-05-21,2.218817329191665
2025-05-22,2.300763420071787
2025-05-23,2.292777968978681
2025-05-24,2.6365192896855407
2025-05-25,2.5211452243017956
2025-05-26,2.4391851942724005
2025-05-27,2.342792919561096
2025-05-28,2.264728062768002
2025-05-29,2.2255203242147927
2025-05-30,2.2819502493116515
2025-05-31,2.276541879726409
2025-06-01,2.199947944161962
2025-06-02,2.1461622364918966
2025-06-03,2.0784982322006256
2025-06-04,2.0293499563139816
2025-06-05,1.994076656863664
2025-06-06,2.245203301628039
2025-06-07,2.338098309489298
2025-06-08,2.279099154166005
2025-06-09,2.1974658900242963
2025-06-10,2.5407085744035203
2025-06-11,2.4335875733594827
2025-06-12,2.405039228922302
2025-06-13,2.523868584056903
2025-06-14,2.418909449055503
2025-06-15,2.338695417232847
2025-06-16,2.2509812234273796
2025-06-17,2.197883129659332
2025-06-18,2.266775761966152
2025-06-19,2.187093486038324
2025-06-20,2.119111744757837
2025-06-21,2.1162707647675845
2025-06-22,2.1010723473596933
2025-06-23,2.0872137687967585
2025-06-24,2.4674443297854176
2025-06-25,2.3744190762239232
2025-06-26,2.3099718863513656
2025-06-27,2.2326886577764915
2025-06-28,2.15598336087335
2025-06-29,2.0873651813666747
2025-06-30,2.045767165005613
2025-07-01,2.037979830095143
2025-07-02,2.0521890508685345
2025-07-03,2.2158498642022924
2025-07-04,2.148046162766328
2025-07-05,2.1554064275186486
2025-07-06,2.0867445312473047
2025-07-07,2.042535212880458
2025-07-08,2.0175773763704967
2025-07-09,1.969907859872894
2025-07-10,2.0349012709653347
2025-07-11,2.422705029260527
2025-07-12,2.3595645502328297
2025-07-13,2.2714367229209094
2025-07-14,2.2326094161210213
2025-07-15,2.1618812461798367
2025-07-16,2.1947710211730906
2025-07-17,2.1312222873907842
2025-07-18,2.0676749606675835
2025-07-19,2.0521620393746764
2025-07-20,1.9962759074507876
2025-07-21,1.9579378717927698
2025-07-22,1.9110722723067994
2025-07-23,1.9940308064027594
2025-07-24,1.9843443189185122
2025-07-25,1.9424508034109336
2025-07-26,1.9161947124025471
2025-07-27,1.8742856313706677
2025-07-28,1.8757605042115288
2025-07-29,1.892535309647941
2025-07-30,1.8551919402474317
2025-07-31,1.8222566475658097
2025-08-01,1.9124894000095505
2025-08-02,2.034742990574012
2025-08-03,1.9997133003622138
2025-08-04,1.9994857409605054
2025-08-05,1.9579550576943237
2025-08-06,1.9401307984169964
2025-08-07,1.9061359900826174
2025-08-08,1.9856702605358179
2025-08-09,1.9573618121919578
2025-08-10,1.9141410185564733
2025-08-11,2.0259915502651844
2025-08-12,1.9850406247736239
2025-08-13,1.9687596072367628
2025-08-14,2.0981639197584148
2025-08-15,2.522801955071902
2025-08-16,2.4400482476456156
2025-08-17,2.342623347855291
2025-08-18,2.255040170415874
2025-08-19,2.21318890136018
2025-08-20,2.390378795240759
2025-08-21,2.326991307264947
2025-08-22,2.318393180261185
2025-08-23,2.573989301457408
2025-08-24,2.5136750695113097
2025-08-25,2.493027552650738
2025-08-26,2.6316528556021543
2025-08-27,2.556693832653913
2025-08-28,2.4565791543263886
2025-08-29,2.3824990161477144
2025-08-30,2.6673551338904717
2025-08-31,2.5489531338326565
2025-09-01,2.452008273062969
2025-09-02,2.3671859008160974
2025-09-03,2.347326841231532
2025-09-04,2.2604651661810693
2025-09-05,2.2101091422405696
2025-09-06,2.137064369337519
2025-09-07,2.080333200157792
2025-09-08,2.033987415470055
2025-09-09,1.991943763765505
2025-09-10,1.953141289541332
2025-09-11,2.025635481718988
2025-09-12,2.011764198333272
2025-09-13,1.9616419305680073
2025-09-14,1.9163041539417542
2025-09-15,1.8907504347889903
2025-09-16,1.851760636654215
2025-09-17,1.8548845011939492
2025-09-18,1.8266187691623963
2025-09-19,1.7995821317158727
2025-09-20,1.8361484915642452
2025-09-21,1.8037733851867954
2025-09-22,1.7851689986203108
2025-09-23,1.9484661025775263
2025-09-24,1.919799496066627
2025-09-25,1.9086755328096257
2025-09-26,2.332289046834043
2025-09-27,2.250170275677905
2025-09-28,2.172307007507145
2025-09-29,2.225619345324395
2025-09-30,2.2315961790830916
2025-10-01,2.1591436400926365
2025-10-02,2.4587376122828806
2025-10-03,2.4121124360417103
2025-10-04,2.356378074756322
2025-10-05,2.2669033160322716
2025-10-06,2.2008583911557387
2025-10-07,2.1446258888144527
2025-10-08,2.301262847624429
2025-10-09,2.273363451752794
2025-10-10,2.2531237804900086
2025-10-11,3.449655796280655
2025-10-12,3.3378500082981484
2025-10-13,3.40242277781319
2025-10-14,3.2171097119356378
2025-10-15,3.127921381261679
2025-10-16,3.061081835888195
2025-10-17,3.032048403619308
2025-10-18,2.945735788487828
2025-10-19,2.806620246666845
2025-10-20,2.7052638531394324
2025-10-21,2.637768861114136
2025-10-22,2.63344152108246
2025-10-23,2.5335180433998716
2025-10-24,2.5372875089273776
2025-10-25,2.4411453160616117
2025-10-26,2.3475503253148
2025-10-27,2.408081479765815
2025-10-28,2.321407504906465
2025-10-29,2.275360334421269
2025-10-30,2.3903056983541133
2025-10-31,2.3729039560415575
2025-11-01,2.3086725648361592
2025-11-02,2.2261725849497362
2025-11-03,2.1516038488145623
2025-11-04,2.4643268168334007
2025-11-05,2.9390188388699032
2025-11-06,2.8925482462619154
2025-11-07,2.898954778913414
2025-11-08,2.825982518125984
2025-11-09,2.7211725224574286
2025-11-10,2.70214924185194
2025-11-11,2.6050198855969695
2025-11-12,2.696576265883784
2025-11-13,2.6281358380972586
2025-11-14,2.6159526701069025
2025-11-15,3.1231486028385347
2025-11-16,2.9779667384331168
2025-11-17,2.8811314759985773
2025-11-18,2.8600710906051896
2025-11-19,2.7314955185593646
2025-11-20,2.6700918667228573
2025-11-21,3.218998812882908
2025-11-22,3.120676283270851
2025-11-23,2.967489479596652
2025-11-24,2.927680549560817
2025-11-25,2.8328367584654646
2025-11-26,2.730506605246717
2025-11-27,2.8492018816980624
2025-11-28,2.7256747728839783
2025-11-29,2.610079898864242
2025-11-30,2.4973437442999735
2025-12-01,2.4044088828256993
2025-12-02,2.83928594147077
2025-12-03,3.2975246992344394
2025-12-04,3.2099024537418748
2025-12-05,3.0922493711342645
2025-12-06,3.1344220951856814
2025-12-07,2.973682589811903
2025-12-08,2.8525299235048736
2025-12-09,2.7158075677399105
2025-12-10,2.6883106531398084
2025-12-11,2.5845512936045907
2025-12-12,2.476087189574101
2025-12-13,2.54136868360338
2025-12-14,2.4345381151837975
2025-12-15,2.489524021938372
2025-12-16,2.50039607341824
2025-12-17,2.4506352548636934
2025-12-18,2.4535410729761367
2025-12-19,2.3800273092339297
2025-12-20,2.4920534421419536
2025-12-21,2.3893032760632615
2025-12-22,2.2972873872462536
2025-12-23,2.214921281417938
2025-12-24,2.1979303404406783
2025-12-25,2.1247956606925795
2025-12-26,2.0723582940218446
2025-12-27,2.0126166521745303
2025-12-28,1.964761058790556
2025-12-29,1.9171732713830616
2025-12-30,1.9051519198315205
2025-12-31,1.9143148140528696
