date,eth_cond_vol
2020-01-02,4.494838549711152
2020-01-03,4.398143020290427
2020-01-04,4.491498546743895
2020-01-05,4.3138458067709315
2020-01-06,4.150879716290814
2020-01-07,4.361593740112938
2020-01-08,4.202979127265854
2020-01-09,4.068982504603484
2020-01-10,3.971622999639088
2020-01-11,4.0707553522736255
2020-01-12,3.954662849653366
2020-01-13,3.8873744565042756
2020-01-14,3.798834973560227
2020-01-15,5.46284959782804
2020-01-16,5.229326658877687
2020-01-17,5.026588168417848
2020-01-18,4.904311686591469
2020-01-19,4.748984847028713
2020-01-20,4.7334705757695446
2020-01-21,4.541012410815137
2020-01-22,4.377890944663388
2020-01-23,4.21619990681733
2020-01-24,4.166521501594839
2020-01-25,4.008722562465081
2020-01-26,3.884139618190657
2020-01-27,3.950625043494451
2020-01-28,3.819082352771406
2020-01-29,3.784072851536467
2020-01-30,3.6668308018685174
2020-01-31,3.9299595935785123
2020-02-01,3.8666637914508724
2020-02-02,3.7624924665595754
2020-02-03,3.6951363218104407
2020-02-04,3.568249159693535
2020-02-05,3.4507127151223864
2020-02-06,3.9565811577027516
2020-02-07,4.009402154741453
2020-02-08,4.068375854462871
2020-02-09,3.9163160788452216
2020-02-10,3.8271624977696828
2020-02-11,3.7666723670439617
2020-02-12,4.000296519048479
2020-02-13,5.054922009224898
2020-02-14,4.849217912386332
2020-02-15,4.950072805653726
2020-02-16,5.215256817162074
2020-02-17,5.04510263688802
2020-02-18,4.9236665481242445
2020-02-19,4.949980918371364
2020-02-20,5.416671463255301
2020-02-21,5.189499902042539
2020-02-22,5.045441208580112
2020-02-23,4.855889919405341
2020-02-24,4.843596437303232
2020-02-25,4.751191622716534
2020-02-26,5.044135747134666
2020-02-27,5.59799469061552
2020-02-28,5.3744811979030285
2020-02-29,5.148347545932928
2020-03-01,5.09606198051516
2020-03-02,4.882698270414348
2020-03-03,5.001086256653884
2020-03-04,4.909531074781543
2020-03-05,4.706754898747756
2020-03-06,4.540545735947203
2020-03-07,4.776960128922279
2020-03-08,4.681138487734438
2020-03-09,6.742823588645889
2020-03-10,6.453117560627312
2020-03-11,6.174275586241127
2020-03-12,5.9739940774743285
2020-03-13,17.928641257815983
2020-03-14,18.145703196589256
2020-03-15,17.45763672526027
2020-03-16,16.607050629708183
2020-03-17,16.11235985779571
2020-03-18,15.36906442026455
2020-03-19,14.631966262382667
2020-03-20,14.502186290155427
2020-03-21,13.813589311168068
2020-03-22,13.14644660439276
2020-03-23,12.734901587530757
2020-03-24,12.480678713481245
2020-03-25,11.88855896367714
2020-03-26,11.329595423929781
2020-03-27,10.795216834435061
2020-03-28,10.396108455151891
2020-03-29,9.901588058913951
2020-03-30,9.550902117026025
2020-03-31,9.246306288959461
2020-04-01,8.810748543305598
2020-04-02,8.417761063980194
2020-04-03,8.101216632652953
2020-04-04,7.724923339129724
2020-04-05,7.386135956175709
2020-04-06,7.055291379290446
2020-04-07,8.508928612477785
2020-04-08,8.19820658450716
2020-04-09,7.93987612409743
2020-04-10,7.599760075062782
2020-04-11,7.548435742618683
2020-04-12,7.201300295969894
2020-04-13,6.872445952026371
2020-04-14,6.577799809434241
2020-04-15,6.291876184773898
2020-04-16,6.11236454129712
2020-04-17,6.764543886734092
2020-04-18,6.466783544795414
2020-04-19,6.714660509986419
2020-04-20,6.523114602445883
2020-04-21,6.447874757194973
2020-04-22,6.159627839807661
2020-04-23,6.184276541647615
2020-04-24,5.923056014743873
2020-04-25,5.669833911583594
2020-04-26,5.506145596401849
2020-04-27,5.285961447320584
2020-04-28,5.0656718867536945
2020-04-29,4.854351219160946
2020-04-30,5.341323010937877
2020-05-01,5.279645771622662
2020-05-02,5.113644541108926
2020-05-03,4.903471364183022
2020-05-04,4.7386037644175225
2020-05-05,4.574707585944398
2020-05-06,4.396619244604144
2020-05-07,4.328399046456359
2020-05-08,4.521411383771722
2020-05-09,4.343559876538507
2020-05-10,4.179599062223765
2020-05-11,5.203336582268105
2020-05-12,4.99446545187741
2020-05-13,4.820360467474688
2020-05-14,4.829965665272833
2020-05-15,4.656613232780122
2020-05-16,4.643737826856837
2020-05-17,4.521293425892483
2020-05-18,4.4283276515232295
2020-05-19,4.37609776399502
2020-05-20,4.2055634189500095
2020-05-21,4.099397080074894
2020-05-22,4.266906739059678
2020-05-23,4.26554063289135
2020-05-24,4.103490309331627
2020-05-25,4.071652332274843
2020-05-26,3.9576569154740104
2020-05-27,3.8454985784909796
2020-05-28,3.836210519589015
2020-05-29,4.008844823125777
2020-05-30,3.859549163061862
2020-05-31,4.65302803889622
2020-06-01,4.7131205017538855
2020-06-02,4.9224424962523425
2020-06-03,4.892318116808732
2020-06-04,4.752070505016154
2020-06-05,4.562891872525991
2020-06-06,4.400942462878891
2020-06-07,4.231708702586149
2020-06-08,4.0771705013601744
2020-06-09,3.9272112127429017
2020-06-10,3.7993463703552988
2020-06-11,3.6866560510587365
2020-06-12,4.142055114618765
2020-06-13,4.067097610594307
2020-06-14,3.914256988489914
2020-06-15,3.8594972178848486
2020-06-16,3.7229332894734513
2020-06-17,3.6258922540853797
2020-06-18,3.508128178449314
2020-06-19,3.4098439679798
2020-06-20,3.3152323396784174
2020-06-21,3.2109137192018355
2020-06-22,3.1168968756974142
2020-06-23,3.5155783741025526
2020-06-24,3.3977643972404294
2020-06-25,3.4592091651396797
2020-06-26,3.3585243790102477
2020-06-27,3.275657479752805
2020-06-28,3.3775906505616575
2020-06-29,3.3014761949540725
2020-06-30,3.2146642064873348
2020-07-01,3.135365898509675
2020-07-02,3.1070611899985523
2020-07-03,3.078704840339022
2020-07-04,3.000406195046551
2020-07-05,2.958879604801322
2020-07-06,2.8894383198465166
2020-07-07,3.2722033219337483
2020-07-08,3.1854894515309713
2020-07-09,3.2025544964898924
2020-07-10,3.168849221837573
2020-07-11,3.07675840418442
2020-07-12,3.0027035908316804
2020-07-13,2.943948767872849
2020-07-14,2.8982486351382764
2020-07-15,2.8229987443498774
2020-07-16,2.765463860644406
2020-07-17,2.7789399811403057
2020-07-18,2.716344565517516
2020-07-19,2.6729092927259135
2020-07-20,2.639329973432433
2020-07-21,2.6169618053528527
2020-07-22,2.7855704211162693
2020-07-23,3.373099337216715
2020-07-24,3.4719876983124887
2020-07-25,3.3749181735542875
2020-07-26,4.123752173823969
2020-07-27,3.9971009953174943
2020-07-28,3.9623463710247564
2020-07-29,3.850090248140101
2020-07-30,3.7108066547583634
2020-07-31,3.8668536007070924
2020-08-01,3.8375996423095726
2020-08-02,4.850664696597387
2020-08-03,4.7914064784328
2020-08-04,4.697754501229255
2020-08-05,4.512774778221097
2020-08-06,4.39901788058431
2020-08-07,4.253000155174519
2020-08-08,4.259149076977982
2020-08-09,4.283996690291623
2020-08-10,4.15461075930657
2020-08-11,4.010735609164356
2020-08-12,4.0638007694412694
2020-08-13,3.95164305371415
2020-08-14,4.606455832989931
2020-08-15,4.5031291544946415
2020-08-16,4.345373376748074
2020-08-17,4.175830925776827
2020-08-18,4.022872358774422
2020-08-19,3.926852668755642
2020-08-20,3.9259127157749774
2020-08-21,3.8204849122694076
2020-08-22,4.2129969733775186
2020-08-23,4.080104730179075
2020-08-24,3.9446765600301297
2020-08-25,3.975932852705393
2020-08-26,4.250243609169073
2020-08-27,4.089638026660153
2020-08-28,3.9425507391756653
2020-08-29,3.8858765301722267
2020-08-30,3.7499333494618803
2020-08-31,4.158958029623803
2020-09-01,4.009869587219656
2020-09-02,4.6433790268385176
2020-09-03,5.015294971239783
2020-09-04,6.328714631519532
2020-09-05,6.0515770237802675
2020-09-06,7.06667331920771
2020-09-07,6.896274712089557
2020-09-08,6.583736456195788
2020-09-09,6.440678645653984
2020-09-10,6.245763988356655
2020-09-11,6.111673389234412
2020-09-12,5.854782784266337
2020-09-13,5.69068655552173
2020-09-14,5.6954120332904745
2020-09-15,5.503487840517519
2020-09-16,5.372569097115477
2020-09-17,5.143568881877137
2020-09-18,5.244885140677423
2020-09-19,5.040246091884465
2020-09-20,4.829996532349213
2020-09-21,4.766888953059569
2020-09-22,5.223201124103567
2020-09-23,5.0100427718263
2020-09-24,5.231326742283171
2020-09-25,5.544264715470239
2020-09-26,5.309047754486356
2020-09-27,5.08479686062505
2020-09-28,4.877872996784256
2020-09-29,4.688762205826572
2020-09-30,4.5183904688556105
2020-10-01,4.338635587423986
2020-10-02,4.213768168412389
2020-10-03,4.102825382072004
2020-10-04,3.9478008196382284
2020-10-05,3.8323575926230484
2020-10-06,3.6943871361727134
2020-10-07,3.734204237256961
2020-10-08,3.6020960779308044
2020-10-09,3.55378857378599
2020-10-10,3.59895843402915
2020-10-11,3.496232072949299
2020-10-12,3.3873255734987997
2020-10-13,3.3946288782273535
2020-10-14,3.3161064788812955
2020-10-15,3.2190583974913856
2020-10-16,3.1232511479565632
2020-10-17,3.1876915525821374
2020-10-18,3.096198430234914
2020-10-19,3.0876643973628566
2020-10-20,2.998563182819591
2020-10-21,3.0440828465286303
2020-10-22,3.3653326476660395
2020-10-23,3.644923005221575
2020-10-24,3.5397477243275306
2020-10-25,3.423942452760638
2020-10-26,3.347694477711168
2020-10-27,3.3935594563059985
2020-10-28,3.3657575259533252
2020-10-29,3.455097817003954
2020-10-30,3.3434258210549714
2020-10-31,3.260551573411737
2020-11-01,3.169033513496122
2020-11-02,3.15272112435544
2020-11-03,3.235049932316371
2020-11-04,3.1511747174363394
2020-11-05,3.220763863232179
2020-11-06,3.2625926255845688
2020-11-07,4.0508925351028235
2020-11-08,4.136577770892256
2020-11-09,4.151753592333504
2020-11-10,4.052141269838131
2020-11-11,3.914781477896784
2020-11-12,3.8457043977226175
2020-11-13,3.7076465915025625
2020-11-14,3.66774342865618
2020-11-15,3.6783053168515094
2020-11-16,3.6517085204809443
2020-11-17,3.601513446823504
2020-11-18,3.701416693395634
2020-11-19,3.5816474754863843
2020-11-20,3.492506087704222
2020-11-21,4.043787451929613
2020-11-22,4.487939494765273
2020-11-23,4.323775668336381
2020-11-24,4.767694638639518
2020-11-25,4.57835708748518
2020-11-26,4.742417235440969
2020-11-27,5.273445587670932
2020-11-28,5.051156390213469
2020-11-29,4.937598148390385
2020-11-30,5.11946109423445
2020-12-01,5.257728455477571
2020-12-02,5.26767654207215
2020-12-03,5.070837011249792
2020-12-04,4.932447024387114
2020-12-05,5.30607552777686
2020-12-06,5.272597525487656
2020-12-07,5.052281549357871
2020-12-08,4.87155661051048
2020-12-09,5.030820433436613
2020-12-10,4.899892296324223
2020-12-11,4.759251167511686
2020-12-12,4.635704660084506
2020-12-13,4.600091807662649
2020-12-14,4.544097902624218
2020-12-15,4.370532178094248
2020-12-16,4.199842353508975
2020-12-17,4.611476921067694
2020-12-18,4.430495807190997
2020-12-19,4.278945002367374
2020-12-20,4.115413572376395
2020-12-21,4.066695988183949
2020-12-22,4.176693144266204
2020-12-23,4.217309556017211
2020-12-24,4.732629798558539
2020-12-25,4.7047005929775585
2020-12-26,4.556690825488819
2020-12-27,4.395907029887942
2020-12-28,4.681978366166232
2020-12-29,4.835531351405587
2020-12-30,4.6370446949008475
2020-12-31,4.50984531657938
2021-01-01,4.379697487053924
2021-01-02,4.22184293735612
2021-01-03,4.399162820840927
2021-01-04,7.881344059594538
2021-01-05,7.71680118172964
2021-01-06,7.513988961891997
2021-01-07,7.646413168782331
2021-01-08,7.301856990673329
2021-01-09,6.971610132929921
2021-01-10,6.783096281955658
2021-01-11,6.49922139588385
2021-01-12,7.470166944377773
2021-01-13,7.202214958851787
2021-01-14,7.172992572269324
2021-01-15,7.262694774856206
2021-01-16,7.103367580096979
2021-01-17,6.917218569241222
2021-01-18,6.603806826833118
2021-01-19,6.330987007550661
2021-01-20,6.468458512355283
2021-01-21,6.182029288347405
2021-01-22,8.57051337025779
2021-01-23,8.680374712903136
2021-01-24,8.273732423026702
2021-01-25,8.60131176443344
2021-01-26,8.35901041534935
2021-01-27,8.029159129945759
2021-01-28,8.168789769423352
2021-01-29,8.036122421958646
2021-01-30,7.729019642727194
2021-01-31,7.37261121924747
2021-02-01,7.1816692568846126
2021-02-02,6.970217666263509
2021-02-03,7.177712680688411
2021-02-04,7.367254603365944
2021-02-05,7.141601849638863
2021-02-06,7.129556502364346
2021-02-07,6.848225060438847
2021-02-08,6.643571676667015
2021-02-09,6.754814536401598
2021-02-10,6.455141193057018
2021-02-11,6.187559829940526
2021-02-12,5.952471443218275
2021-02-13,5.749415771052424
2021-02-14,5.517286933032017
2021-02-15,5.287427679641215
2021-02-16,5.077932138719499
2021-02-17,4.865506220428341
2021-02-18,4.776475914473756
2021-02-19,4.765268666893181
2021-02-20,4.5743166320517314
2021-02-21,4.4420791493232885
2021-02-22,4.274402749825264
2021-02-23,4.789815009639948
2021-02-24,5.755914779087724
2021-02-25,5.558651814031794
2021-02-26,5.950752482099744
2021-02-27,5.742318614529986
2021-02-28,5.496947635737875
2021-03-01,5.325187381739162
2021-03-02,5.8399465259209675
2021-03-03,5.811843408218081
2021-03-04,5.749953099397247
2021-03-05,5.529650630115542
2021-03-06,5.297754240582597
2021-03-07,5.512138141523841
2021-03-08,5.419101619986021
2021-03-09,5.451992727989376
2021-03-10,5.245286085906033
2021-03-11,5.171465648802885
2021-03-12,4.973016272264839
2021-03-13,4.870759469012994
2021-03-14,5.243724603044023
2021-03-15,5.158336223071005
2021-03-16,5.02427508666654
2021-03-17,4.816872196092062
2021-03-18,4.625867608856252
2021-03-19,4.5120687632388226
2021-03-20,4.359000091937131
2021-03-21,4.189569144170222
2021-03-22,4.050848724826477
2021-03-23,4.269159428502382
2021-03-24,4.112831559115161
2021-03-25,4.257815444538766
2021-03-26,4.093414192231868
2021-03-27,4.385797487356162
2021-03-28,4.217674398075186
2021-03-29,4.084031675664345
2021-03-30,4.44553457036437
2021-03-31,4.2821297372008384
2021-04-01,4.275574751672431
2021-04-02,4.164372350311161
2021-04-03,4.6044038657760895
2021-04-04,4.765518682372101
2021-04-05,4.6580006449000235
2021-04-06,4.48649484483418
2021-04-07,4.3084253923900375
2021-04-08,4.662919971036502
2021-04-09,4.756156703360437
2021-04-10,4.56836571395255
2021-04-11,4.46936585191262
2021-04-12,4.296526564254144
2021-04-13,4.13620360507711
2021-04-14,4.472350017759165
2021-04-15,4.573145830585966
2021-04-16,4.480581761640179
2021-04-17,4.443852894028641
2021-04-18,4.467906684441825
2021-04-19,4.425090756287218
2021-04-20,4.371553256849966
2021-04-21,4.701044679630283
2021-04-22,4.519195774939531
2021-04-23,4.361935282837844
2021-04-24,4.211846857439575
2021-04-25,4.507792330012005
2021-04-26,4.521816677663288
2021-04-27,4.99099281991396
2021-04-28,4.991621747257614
2021-04-29,4.854263087742087
2021-04-30,4.654875503675846
2021-05-01,4.4682581361625395
2021-05-02,4.60925604398209
2021-05-03,4.42392205587158
2021-05-04,6.039041041297949
2021-05-05,6.01833522647852
2021-05-06,6.223834410289749
2021-05-07,5.956812019040744
2021-05-08,5.696754393644832
2021-05-09,6.371242105138936
2021-05-10,6.087227157514391
2021-05-11,5.819548392818948
2021-05-12,5.780230694790077
2021-05-13,6.093848095712657
2021-05-14,5.886388679284426
2021-05-15,6.193273425478629
2021-05-16,6.745203911811165
2021-05-17,6.465145034425125
2021-05-18,6.683330975542787
2021-05-19,6.4260994475568145
2021-05-20,11.202456147559317
2021-05-21,11.253947909085442
2021-05-22,11.362099017950323
2021-05-23,10.950422222869495
2021-05-24,10.75677495907157
2021-05-25,12.217551758451132
2021-05-26,11.642752959757855
2021-05-27,11.228739690848696
2021-05-28,10.796124624892993
2021-05-29,10.935840754555203
2021-05-30,10.547610740164153
2021-05-31,10.124682014918571
2021-06-01,10.281221734205117
2021-06-02,9.825879090581827
2021-06-03,9.387667844984772
2021-06-04,9.070877105526405
2021-06-05,8.826164632447227
2021-06-06,8.442239807640066
2021-06-07,8.093450582484088
2021-06-08,7.833875100475919
2021-06-09,7.538545590063142
2021-06-10,7.276409111826288
2021-06-11,7.12996243427855
2021-06-12,6.955844743922952
2021-06-13,6.6419041679178905
2021-06-14,6.537348901112172
2021-06-15,6.289867821517076
2021-06-16,6.0280361026413845
2021-06-17,6.133839652434776
2021-06-18,5.862563266418607
2021-06-19,5.882763908090591
2021-06-20,5.705587460924091
2021-06-21,5.544768376916686
2021-06-22,7.315916957530679
2021-06-23,6.982427778659173
2021-06-24,6.786582894341814
2021-06-25,6.485198213642362
2021-06-26,6.790265140576112
2021-06-27,6.489446747055608
2021-06-28,6.594906136024058
2021-06-29,6.450844881113666
2021-06-30,6.2502164595748715
2021-07-01,6.129498075837618
2021-07-02,6.281522039631254
2021-07-03,6.031542155379065
2021-07-04,5.836636950034829
2021-07-05,5.700755728224747
2021-07-06,5.69771781636816
2021-07-07,5.6670983522579395
2021-07-08,5.422883258318876
2021-07-09,5.824857608620934
2021-07-10,5.582449381564424
2021-07-11,5.3685665568857734
2021-07-12,5.151820255424573
2021-07-13,5.171757060323059
2021-07-14,5.139853194454066
2021-07-15,4.980047332991007
2021-07-16,4.90960272324312
2021-07-17,4.75891954214245
2021-07-18,4.575119474844916
2021-07-19,4.39502508524267
2021-07-20,4.383113539954788
2021-07-21,4.249401916788876
2021-07-22,5.149160827976332
2021-07-23,4.946282930893113
2021-07-24,4.92468852742697
2021-07-25,4.781441050539747
2021-07-26,4.586099985641477
2021-07-27,4.424981603625405
2021-07-28,4.336063397251958
2021-07-29,4.16701858305889
2021-07-30,4.120679534458934
2021-07-31,4.062400913869208
2021-08-01,3.980652685976856
2021-08-02,3.8399560051339843
2021-08-03,3.7376690889564985
2021-08-04,3.7832060625264203
2021-08-05,4.322554568556425
2021-08-06,4.274863235281963
2021-08-07,4.152947206367807
2021-08-08,4.713618247851377
2021-08-09,4.74259919439475
2021-08-10,4.741135546519027
2021-08-11,4.5534193216227274
2021-08-12,4.373104540532047
2021-08-13,4.3452607862004
2021-08-14,4.838195754305601
2021-08-15,4.673672523119226
2021-08-16,4.4970994851610255
2021-08-17,4.563791942856233
2021-08-18,4.5713163888022805
2021-08-19,4.388261645077237
2021-08-20,4.48235872005275
2021-08-21,4.386697909565305
2021-08-22,4.255566247905233
2021-08-23,4.092043874326856
2021-08-24,3.995994088528494
2021-08-25,4.0876254844553515
2021-08-26,3.9598688098350707
2021-08-27,4.017064868455161
2021-08-28,4.176446834557987
2021-08-29,4.028337693038081
2021-08-30,3.8849218651355732
2021-08-31,3.74328773461497
2021-09-01,3.9790076185002796
2021-09-02,4.9285246713884145
2021-09-03,4.7381511035355866
2021-09-04,4.672642544884143
2021-09-05,4.504561055570333
2021-09-06,4.346330661986125
2021-09-07,4.182330100658256
2021-09-08,5.596732570660185
2021-09-09,5.376993417011197
2021-09-10,5.190055931310307
2021-09-11,5.328521894437349
2021-09-12,5.123386007016419
2021-09-13,5.036872379656378
2021-09-14,4.943562104527999
2021-09-15,4.894530672324386
2021-09-16,4.900207011506852
2021-09-17,4.716037397685087
2021-09-18,4.746195006628646
2021-09-19,4.559866608159495
2021-09-20,4.480690572305409
2021-09-21,5.391952433138205
2021-09-22,5.596082304742804
2021-09-23,6.1423642582115665
2021-09-24,5.9062637330896
2021-09-25,6.047525938621424
2021-09-26,5.782094535381813
2021-09-27,5.67470416621914
2021-09-28,5.589575637901247
2021-09-29,5.4940629934140786
2021-09-30,5.274397544293253
2021-10-01,5.247981980807257
2021-10-02,5.737248951372547
2021-10-03,5.522562160584596
2021-10-04,5.288991826086072
2021-10-05,5.074267934636133
2021-10-06,4.968770358074957
2021-10-07,4.782354048958296
2021-10-08,4.587226152245366
2021-10-09,4.409919526209359
2021-10-10,4.236603343190297
2021-10-11,4.296779948518405
2021-10-12,4.250991417991242
2021-10-13,4.112930732492081
2021-10-14,4.055944576281373
2021-10-15,4.138744847970129
2021-10-16,4.017598324486573
2021-10-17,3.882594157088964
2021-10-18,3.7419124321657207
2021-10-19,3.700916599861542
2021-10-20,3.6941202961264707
2021-10-21,4.078090185269377
2021-10-22,4.006046029589576
2021-10-23,3.9073871449885016
2021-10-24,3.991212705219452
2021-10-25,3.8956157455165368
2021-10-26,3.861118375063536
2021-10-27,3.778843463504788
2021-10-28,3.956590259569329
2021-10-29,4.556717170772527
2021-10-30,4.452111995556085
2021-10-31,4.329768470127355
2021-11-01,4.170716348951295
2021-11-02,4.014973576730305
2021-11-03,4.220417014034966
2021-11-04,4.058366741497765
2021-11-05,3.9371913489501917
2021-11-06,3.815311842037932
2021-11-07,3.685274221635855
2021-11-08,3.5979305604533587
2021-11-09,3.6574146551628983
2021-11-10,3.565836384816274
2021-11-11,3.5115305051843992
2021-11-12,3.4311220852230644
2021-11-13,3.339709894881598
2021-11-14,3.238097749781921
2021-11-15,3.142367871038178
2021-11-16,3.0807637707498543
2021-11-17,3.813950515262855
2021-11-18,3.707798496683252
2021-11-19,4.1302008810531845
2021-11-20,4.454883420942905
2021-11-21,4.33975833212502
2021-11-22,4.304670735926874
2021-11-23,4.3174432349164515
2021-11-24,4.476173106781839
2021-11-25,4.329476517718546
2021-11-26,4.464819383200114
2021-11-27,5.4060641165651075
2021-11-28,5.185787016275092
2021-11-29,5.138754993926561
2021-11-30,5.010919795393648
2021-12-01,4.932685533710495
2021-12-02,4.740998617254975
2021-12-03,4.575485890262574
2021-12-04,4.8228507594407874
2021-12-05,4.681798690055116
2021-12-06,4.519787732761669
2021-12-07,4.446183355161935
2021-12-08,4.282546675743258
2021-12-09,4.1952397282122895
2021-12-10,4.631774869830489
2021-12-11,4.70367432446911
2021-12-12,4.704026876975873
2021-12-13,4.519289218374935
2021-12-14,5.045655227890326
2021-12-15,4.864094434078288
2021-12-16,4.796105111098938
2021-12-17,4.625580019923404
2021-12-18,4.487222437057729
2021-12-19,4.346713766225903
2021-12-20,4.188318888624169
2021-12-21,4.0293408112652
2021-12-22,3.905055348824476
2021-12-23,3.7738653322475333
2021-12-24,3.745830802454257
2021-12-25,3.6481734914311885
2021-12-26,3.533682454564777
2021-12-27,3.424886539119732
2021-12-28,3.320996382732133
2021-12-29,3.705329657381448
2021-12-30,3.805851430209298
2021-12-31,3.713192097719421
2022-01-01,3.5953143443988016
2022-01-02,3.530605469643855
2022-01-03,3.4379647199876904
2022-01-04,3.3652752314353247
2022-01-05,3.25848700938603
2022-01-06,3.7185650747113317
2022-01-07,3.768394707059696
2022-01-08,4.078862031543099
2022-01-09,4.084507648161242
2022-01-10,3.9769531257280684
2022-01-11,3.890587339749166
2022-01-12,3.9937115829596563
2022-01-13,3.9978830265881053
2022-01-14,4.026783326900821
2022-01-15,3.9134329402037293
2022-01-16,3.7717073269897075
2022-01-17,3.6395217990404243
2022-01-18,3.7289582670082666
2022-01-19,3.6313149751260596
2022-01-20,3.584052501688056
2022-01-21,3.55884058396193
2022-01-22,5.680954424601431
2022-01-23,5.739647909360659
2022-01-24,5.671273255279985
2022-01-25,5.55616585857028
2022-01-26,5.319833957973071
2022-01-27,5.093688632541886
2022-01-28,4.906237360515156
2022-01-29,4.892588999188095
2022-01-30,4.726653984412201
2022-01-31,4.534689723194395
2022-02-01,4.441205103085097
2022-02-02,4.382188360523205
2022-02-03,4.368991409352412
2022-02-04,4.199297742553271
2022-02-05,5.016202969449959
2022-02-06,4.80881121359089
2022-02-07,4.62528034419736
2022-02-08,4.499813547089255
2022-02-09,4.328736156447645
2022-02-10,4.303014366100809
2022-02-11,4.43688827082723
2022-02-12,4.4968491112533835
2022-02-13,4.320188564206133
2022-02-14,4.184615645316856
2022-02-15,4.059547480625527
2022-02-16,4.551975673098446
2022-02-17,4.4117538793380575
2022-02-18,4.797534229903305
2022-02-19,4.751563489205021
2022-02-20,4.562867408951867
2022-02-21,4.649099607579532
2022-02-22,4.507830777389222
2022-02-23,4.385448036036315
2022-02-24,4.266415090497805
2022-02-25,4.103642625314633
2022-02-26,4.337618058154593
2022-02-27,4.168879137096038
2022-02-28,4.386717497014544
2022-03-01,5.236138682689187
2022-03-02,5.038673724691609
2022-03-03,4.839719988447431
2022-03-04,4.786981356331903
2022-03-05,5.125469815929769
2022-03-06,4.928182259199731
2022-03-07,4.900246092725503
2022-03-08,4.754866555522296
2022-03-09,4.651493695388092
2022-03-10,4.737255817906644
2022-03-11,4.7386702204323985
2022-03-12,4.585500464174504
2022-03-13,4.402389381607392
2022-03-14,4.278665817942245
2022-03-15,4.186449791925124
2022-03-16,4.0349338948017595
2022-03-17,4.205893241388269
2022-03-18,4.059107886562633
2022-03-19,4.092590544542931
2022-03-20,3.938728998434611
2022-03-21,3.906481336655917
2022-03-22,3.7709943958681738
2022-03-23,3.7093452191474623
2022-03-24,3.626398235412811
2022-03-25,3.560890638851535
2022-03-26,3.442187173496911
2022-03-27,3.3467284658700005
2022-03-28,3.4887320598180502
2022-03-29,3.383490381835821
2022-03-30,3.316304744182521
2022-03-31,3.215958073980251
2022-04-01,3.2580995288461017
2022-04-02,3.4665706146719972
2022-04-03,3.35469804224659
2022-04-04,3.3013142005613627
2022-04-05,3.198050058061831
2022-04-06,3.2524019534101343
2022-04-07,3.8043679719645977
2022-04-08,3.698827163735506
2022-04-09,3.5869499256439954
2022-04-10,3.5061062000053433
2022-04-11,3.431576976327545
2022-04-12,3.9393175349031773
2022-04-13,3.8163377699021255
2022-04-14,3.76454644997685
2022-04-15,3.752302794292075
2022-04-16,3.621234774773158
2022-04-17,3.4986100799126936
2022-04-18,3.458297046266557
2022-04-19,3.3960330727361843
2022-04-20,3.307922054773689
2022-04-21,3.2163511562482383
2022-04-22,3.252149078134871
2022-04-23,3.161599336790568
2022-04-24,3.085238701774804
2022-04-25,3.000620178540638
2022-04-26,3.020008166354079
2022-04-27,3.5476901198399386
2022-04-28,3.508636902159228
2022-04-29,3.4173932638324747
2022-04-30,3.53178715352007
2022-05-01,3.5518912553219337
2022-05-02,3.5649237724729694
2022-05-03,3.454329913506735
2022-05-04,3.4370318352095746
2022-05-05,3.6660734044412364
2022-05-06,4.060871185820239
2022-05-07,3.958770550077957
2022-05-08,3.8705839821061034
2022-05-09,3.961836015433202
2022-05-10,5.226526643761036
2022-05-11,5.191664791850963
2022-05-12,6.015308901138185
2022-05-13,6.031353749926114
2022-05-14,5.804114237689395
2022-05-15,5.584597030689526
2022-05-16,5.4691294806801904
2022-05-17,5.510933491089693
2022-05-18,5.348171080013446
2022-05-19,5.7273647109903285
2022-05-20,5.673662227120972
2022-05-21,5.505242183517632
2022-05-22,5.271932962211964
2022-05-23,5.1324948329222915
2022-05-24,5.027145324222719
2022-05-25,4.817786203058503
2022-05-26,4.657380942495726
2022-05-27,5.054392401786521
2022-05-28,4.96836362038479
2022-05-29,4.868339883354168
2022-05-30,4.677102679628373
2022-05-31,5.258689142262112
2022-06-01,5.11174413091904
2022-06-02,5.268013192855487
2022-06-03,5.0489657416244995
2022-06-04,4.937625720960915
2022-06-05,4.752191763985188
2022-06-06,4.558567299675446
2022-06-07,4.447135307550152
2022-06-08,4.341104681945924
2022-06-09,4.189812092248538
2022-06-10,4.030633380207899
2022-06-11,4.43225866900556
2022-06-12,4.87969026601826
2022-06-13,5.06687407647343
2022-06-14,6.928833660745406
2022-06-15,6.614902961985699
2022-06-16,6.348139781154374
2022-06-17,7.413142756876224
2022-06-18,7.086871929539168
2022-06-19,7.2397002491198945
2022-06-20,7.772852207583338
2022-06-21,7.41392325771854
2022-06-22,7.074608749801141
2022-06-23,7.055268247480108
2022-06-24,7.157542372077113
2022-06-25,7.089604505769157
2022-06-26,6.776015839106459
2022-06-27,6.562201668462682
2022-06-28,6.270064746055958
2022-06-29,6.118052568367467
2022-06-30,5.963424313601265
2022-07-01,5.7601574972863565
2022-07-02,5.520656010307966
2022-07-03,5.285315914241437
2022-07-04,5.063225452687498
2022-07-05,5.222080046151752
2022-07-06,5.027724891971324
2022-07-07,4.987897768493275
2022-07-08,4.9187557304870175
2022-07-09,4.753123155708092
2022-07-10,4.559444792800493
2022-07-11,4.543667164751266
2022-07-12,4.74708865372493
2022-07-13,4.827607429202245
2022-07-14,5.038817399616357
2022-07-15,5.1897958566395115
2022-07-16,5.042691656809565
2022-07-17,5.544245403954606
2022-07-18,5.321686744369871
2022-07-19,6.950702714143281
2022-07-20,6.678590079647211
2022-07-21,6.392668602610244
2022-07-22,6.180734708071003
2022-07-23,5.959416585846006
2022-07-24,5.7012284099765385
2022-07-25,5.519005982916871
2022-07-26,6.081508169115988
2022-07-27,5.814251877136399
2022-07-28,6.53227040795133
2022-07-29,6.409781027141372
2022-07-30,6.124197617663218
2022-07-31,5.871675551846888
2022-08-01,5.626904274940979
2022-08-02,5.454724741001747
2022-08-03,5.221129148815581
2022-08-04,5.008034957403997
2022-08-05,4.805096712010857
2022-08-06,5.091051617078053
2022-08-07,4.9466699975155475
2022-08-08,4.743128240224228
2022-08-09,4.710840679507398
2022-08-10,4.695624620291366
2022-08-11,5.0985301936374485
2022-08-12,4.8982437007017054
2022-08-13,4.827711313053532
2022-08-14,4.640678639179301
2022-08-15,4.517013056233014
2022-08-16,4.377169738701623
2022-08-17,4.223473437596716
2022-08-18,4.121711474393394
2022-08-19,3.9679962478144426
2022-08-20,5.529913479834261
2022-08-21,5.330825178324163
2022-08-22,5.152938302990822
2022-08-23,4.936698704649982
2022-08-24,4.778524019590197
2022-08-25,4.587729954187635
2022-08-26,4.445966008876248
2022-08-27,5.459293769018879
2022-08-28,5.238811353764732
2022-08-29,5.186263755252585
2022-08-30,5.5008411275457805
2022-08-31,5.293800180698938
2022-09-01,5.093907697065574
2022-09-02,4.91009943393379
2022-09-03,4.713635166629271
2022-09-04,4.537806145316564
2022-09-05,4.370787228145819
2022-09-06,4.2485360510181165
2022-09-07,4.232899514595457
2022-09-08,4.251614406511206
2022-09-09,4.087785408441615
2022-09-10,4.16540273385911
2022-09-11,4.099960016991901
2022-09-12,3.9490825879067057
2022-09-13,3.901259567689293
2022-09-14,4.528467026558097
2022-09-15,4.483649841101628
2022-09-16,5.309567329814043
2022-09-17,5.148978477706996
2022-09-18,4.974162668178917
2022-09-19,5.529239951044754
2022-09-20,5.3560290203852245
2022-09-21,5.26108588406534
2022-09-22,5.340974189338253
2022-09-23,5.405602441211378
2022-09-24,5.174724533893537
2022-09-25,4.964023426838936
2022-09-26,4.788964656091167
2022-09-27,4.6726098048333995
2022-09-28,4.489151883082078
2022-09-29,4.313478724834889
2022-09-30,4.146454145189368
2022-10-01,3.993668511401869
2022-10-02,3.8677543057798474
2022-10-03,3.8175921001057995
2022-10-04,3.807256000091304
2022-10-05,3.750934512477445
2022-10-06,3.6259724801928104
2022-10-07,3.501074231588483
2022-10-08,3.4201255696496524
2022-10-09,3.3307966692037576
2022-10-10,3.227000293922323
2022-10-11,3.2226769265475976
2022-10-12,3.1356297437285
2022-10-13,3.0549741063792366
2022-10-14,2.975415403855642
2022-10-15,2.8981078357931596
2022-10-16,2.8705279083566007
2022-10-17,2.8692583277436077
2022-10-18,2.8407317673152437
2022-10-19,2.8133057053692117
2022-10-20,2.8115430717432575
2022-10-21,2.743874742098581
2022-10-22,2.6999127138168064
2022-10-23,2.6509677718888605
2022-10-24,2.7926716600232653
2022-10-25,2.7671784354135776
2022-10-26,3.567370665866847
2022-10-27,3.969231458540156
2022-10-28,3.955655297827469
2022-10-29,3.8746136928599633
2022-10-30,3.9008107661899456
2022-10-31,3.8009747541533985
2022-11-01,3.6832534719904246
2022-11-02,3.5547778096708043
2022-11-03,3.6256734749188233
2022-11-04,3.505583228045627
2022-11-05,3.938775746135897
2022-11-06,3.8108805453197783
2022-11-07,3.8357518417156347
2022-11-08,3.6975455424621924
2022-11-09,5.877999831047813
2022-11-10,7.883942476297641
2022-11-11,8.845170200952593
2022-11-12,8.434235694212157
2022-11-13,8.077196949735397
2022-11-14,7.751741010253607
2022-11-15,7.407958628121084
2022-11-16,7.070422803719077
2022-11-17,6.809581501737814
2022-11-18,6.515362036559128
2022-11-19,6.227967493410994
2022-11-20,5.951961391055855
2022-11-21,5.994429025998788
2022-11-22,5.807022727933927
2022-11-23,5.607612868947042
2022-11-24,5.469273155538187
2022-11-25,5.2510273859861405
2022-11-26,5.031127317122829
2022-11-27,4.822453676774672
2022-11-28,4.636361108826628
2022-11-29,4.501527294148887
2022-11-30,4.466450617809948
2022-12-01,4.626932235055839
2022-12-02,4.463428818857801
2022-12-03,4.303476069844297
2022-12-04,4.334238116163537
2022-12-05,4.248609578412476
2022-12-06,4.115238150512935
2022-12-07,3.965619649348844
2022-12-08,3.9399708441687094
2022-12-09,3.9433326616798627
2022-12-10,3.8227469387273643
2022-12-11,3.6850817530396056
2022-12-12,3.558192691285994
2022-12-13,3.4450989692772795
2022-12-14,3.465214691453972
2022-12-15,3.367331506499951
2022-12-16,3.397479420984866
2022-12-17,4.070789073028123
2022-12-18,3.943140715101137
2022-12-19,3.8007489576089535
2022-12-20,3.688405936016246
2022-12-21,3.73544782796103
2022-12-22,3.605291070920496
2022-12-23,3.481630951760913
2022-12-24,3.365709313493632
2022-12-25,3.2576497975126597
2022-12-26,3.1579739650748238
2022-12-27,3.0688246544463884
2022-12-28,3.012729647672349
2022-12-29,2.9815830533499312
2022-12-30,2.906528347073756
2022-12-31,2.8305932481610707
2023-01-01,2.763118463289397
2023-01-02,2.697548798188124
2023-01-03,2.650836392774497
2023-01-04,2.5934570060386166
2023-01-05,2.7069699796654487
2023-01-06,2.651058957349188
2023-01-07,2.61820095340317
2023-01-08,2.5682724889641575
2023-01-09,2.5738846761254126
2023-01-10,2.596427450598152
2023-01-11,2.5584560676919255
2023-01-12,2.732365797641306
2023-01-13,2.71401271433318
2023-01-14,2.7320244957752355
2023-01-15,3.241152612069724
2023-01-16,3.1412240315730764
2023-01-17,3.0742035204698754
2023-01-18,2.996694955210312
2023-01-19,3.0998938358142585
2023-01-20,3.0888592363291045
2023-01-21,3.536412286253656
2023-01-22,3.4700457995461176
2023-01-23,3.3550552668640776
2023-01-24,3.2482016251732198
2023-01-25,3.412090406136538
2023-01-26,3.439142655468879
2023-01-27,3.3348003347193655
2023-01-28,3.230464901066379
2023-01-29,3.172579608211583
2023-01-30,3.3206095955971393
2023-01-31,3.527998750434716
2023-02-01,3.422235998887239
2023-02-02,3.4449476501587974
2023-02-03,3.331506028340762
2023-02-04,3.2399647624455055
2023-02-05,3.1401168318978665
2023-02-06,3.1262295528365316
2023-02-07,3.0498486323911407
2023-02-08,3.1095467888355603
2023-02-09,3.045578597953915
2023-02-10,3.536215679783035
2023-02-11,3.478806128005649
2023-02-12,3.39049425597678
2023-02-13,3.317458314282194
2023-02-14,3.220650925529791
2023-02-15,3.2487298012803603
2023-02-16,3.7681136677507903
2023-02-17,3.6988575510833805
2023-02-18,3.6848567583488
2023-02-19,3.556868633361789
2023-02-20,3.445155884558156
2023-02-21,3.3500338288972187
2023-02-22,3.3378329627304626
2023-02-23,3.2489358964743307
2023-02-24,3.149509428179348
2023-02-25,3.1590645732523166
2023-02-26,3.0779767250132943
2023-02-27,3.089722235300374
2023-02-28,3.006000597600453
2023-03-01,2.973334964565891
2023-03-02,3.06150220781461
2023-03-03,2.9943402148009373
2023-03-04,3.251374694818164
2023-03-05,3.152279135927301
2023-03-06,3.0596727905481163
2023-03-07,2.9723372411338156
2023-03-08,2.8935189716386382
2023-03-09,2.880412782998117
2023-03-10,3.3807178119472114
2023-03-11,3.282257653613716
2023-03-12,3.2920825137821446
2023-03-13,3.7587836624762416
2023-03-14,3.9603230498562745
2023-03-15,3.8342293769351707
2023-03-16,3.8027031289651947
2023-03-17,3.6840564936104037
2023-03-18,4.015643572310285
2023-03-19,3.903513967881777
2023-03-20,3.7731350854492214
2023-03-21,3.7321410388249614
2023-03-22,3.7539022130022963
2023-03-23,3.7940400724507453
2023-03-24,3.8616641769264644
2023-03-25,3.8757826600914633
2023-03-26,3.7387950380485107
2023-03-27,3.637365959567239
2023-03-28,3.654638349983737
2023-03-29,3.6411089922870103
2023-03-30,3.5256000019766986
2023-03-31,3.4070384434111918
2023-04-01,3.31957925903788
2023-04-02,3.214925588911173
2023-04-03,3.1513434629983164
2023-04-04,3.0645078590700168
2023-04-05,3.105548307824417
2023-04-06,3.0617901776058973
2023-04-07,3.033914462814192
2023-04-08,2.9538749028795306
2023-04-09,2.8873777883867064
2023-04-10,2.8142605076199865
2023-04-11,2.8405056824145136
2023-04-12,2.7914455515166514
2023-04-13,2.747848719001105
2023-04-14,2.996265745345935
2023-04-15,3.143148671072442
2023-04-16,3.0550384608513985
2023-04-17,2.986707921737445
2023-04-18,2.9783977758230327
2023-04-19,2.918601806914361
2023-04-20,3.760213312070621
2023-04-21,3.6274797282422315
2023-04-22,3.7998180649323174
2023-04-23,3.679526604578332
2023-04-24,3.558600392240804
2023-04-25,3.456535644991787
2023-04-26,3.358235565762907
2023-04-27,3.2508260122306614
2023-04-28,3.206974495656663
2023-04-29,3.1254073033015377
2023-04-30,3.0404150895188637
2023-05-01,3.018918433000829
2023-05-02,3.007358686684062
2023-05-03,2.9771199362978455
2023-05-04,2.935742285536657
2023-05-05,2.8961074545639516
2023-05-06,3.2805998687110485
2023-05-07,3.505472687212343
2023-05-08,3.4168773956105927
2023-05-09,3.3294216046659724
2023-05-10,3.224197824992209
2023-05-11,3.128406491756421
2023-05-12,3.135552038681542
2023-05-13,3.0471123307134986
2023-05-14,2.970657862556048
2023-05-15,2.889543132073763
2023-05-16,2.822892483074583
2023-05-17,2.7535018269936615
2023-05-18,2.6893609186156127
2023-05-19,2.657560246565866
2023-05-20,2.6031174490266653
2023-05-21,2.5499691971178664
2023-05-22,2.5155738107087995
2023-05-23,2.472961837336734
2023-05-24,2.485445949533937
2023-05-25,2.601059189384403
2023-05-26,2.547625192780742
2023-05-27,2.516220594066615
2023-05-28,2.469121590770892
2023-05-29,2.689198927381651
2023-05-30,2.644659651844614
2023-05-31,2.58853193437834
2023-06-01,2.5767859097506145
2023-06-02,2.5353651895401823
2023-06-03,2.566646990026768
2023-06-04,2.5298908807354903
2023-06-05,2.482932256298738
2023-06-06,2.754725741476617
2023-06-07,2.906842940514294
2023-06-08,2.957776607740504
2023-06-09,2.8821162448514843
2023-06-10,2.8103271415579534
2023-06-11,3.1091803900715806
2023-06-12,3.0184236198590577
2023-06-13,2.9417866948905305
2023-06-14,2.864051889627556
2023-06-15,3.1959192563018397
2023-06-16,3.1074922006667074
2023-06-17,3.125098697979396
2023-06-18,3.035312987889741
2023-06-19,2.9540012386337735
2023-06-20,2.882425379657167
2023-06-21,2.9317953543837056
2023-06-22,3.2081125866726783
2023-06-23,3.1257598450390183
2023-06-24,3.04537262128094
2023-06-25,2.9759108867439457
2023-06-26,2.9113874758437275
2023-06-27,2.9095227810277042
2023-06-28,2.863757823654849
2023-06-29,2.963630956245982
2023-06-30,2.901290397739936
2023-07-01,3.066281563912217
2023-07-02,2.984208458597056
2023-07-03,2.9056819354483854
2023-07-04,2.8375526827495174
2023-07-05,2.7860137153903923
2023-07-06,2.752634469364967
2023-07-07,2.8776285484202333
2023-07-08,2.8229381786017886
2023-07-09,2.75576535513944
2023-07-10,2.691599633559522
2023-07-11,2.6401967033563016
2023-07-12,2.584640364616664
2023-07-13,2.5364123765364464
2023-07-14,3.140500248673298
2023-07-15,3.213240125303534
2023-07-16,3.1185101198592626
2023-07-17,3.0327334420467658
2023-07-18,2.9547668768394977
2023-07-19,2.8863853245754787
2023-07-20,2.816914820911146
2023-07-21,2.7468594845227696
2023-07-22,2.682385900407285
2023-07-23,2.6579151996114376
2023-07-24,2.6160115795752774
2023-07-25,2.6405089523458156
2023-07-26,2.584636478297954
2023-07-27,2.537982403645206
2023-07-28,2.4982194447504944
2023-07-29,2.457091403330952
2023-07-30,2.4151394810983677
2023-07-31,2.3995660230580915
2023-08-01,2.365706855026782
2023-08-02,2.3409701159249168
2023-08-03,2.3767370083795427
2023-08-04,2.3435590493738285
2023-08-05,2.3144312930002884
2023-08-06,2.2843096419977256
2023-08-07,2.2608790455119068
2023-08-08,2.235776737008089
2023-08-09,2.243463310717116
2023-08-10,2.219758029426844
2023-08-11,2.1991793877190053
2023-08-12,2.180949394453655
2023-08-13,2.162047014680116
2023-08-14,2.1531144321089215
2023-08-15,2.1366195120827105
2023-08-16,2.14344475154824
2023-08-17,2.161741813335971
2023-08-18,3.0202506003834415
2023-08-19,2.9613557454524453
2023-08-20,2.8822870130243743
2023-08-21,2.8159207570862637
2023-08-22,2.768289796916579
2023-08-23,2.7707406536120653
2023-08-24,2.7994381596644966
2023-08-25,2.7549840745854395
2023-08-26,2.695240188545055
2023-08-27,2.639459439088142
2023-08-28,2.586934828407503
2023-08-29,2.5380629781861943
2023-08-30,2.784195306035654
2023-08-31,2.7539771367323573
2023-09-01,2.8925378614438357
2023-09-02,2.8374024938801514
2023-09-03,2.767331443612228
2023-09-04,2.7018211987067833
2023-09-05,2.644141970901368
2023-09-06,2.5871199818740487
2023-09-07,2.5354075510660516
2023-09-08,2.4958847769143437
2023-09-09,2.4632973416834427
2023-09-10,2.421224264940908
2023-09-11,2.409968291224182
2023-09-12,2.6740910372877957
2023-09-13,2.707354341872322
2023-09-14,2.6541236081869353
2023-09-15,2.611986532598634
2023-09-16,2.566125504152205
2023-09-17,2.5207225894770473
2023-09-18,2.48667356279697
2023-09-19,2.4501734682632454
2023-09-20,2.40918224834656
2023-09-21,2.406687377846067
2023-09-22,2.47956914647132
2023-09-23,2.4381440447096434
2023-09-24,2.3974996142234652
2023-09-25,2.377195064914799
2023-09-26,2.3430144319077257
2023-09-27,2.3105902518435135
2023-09-28,2.2805232011652024
2023-09-29,2.430021460478291
2023-09-30,2.3982867723050116
2023-10-01,2.3606748836626092
2023-10-02,2.53681506750543
2023-10-03,2.7865890714103694
2023-10-04,2.7225623754269623
2023-10-05,2.669199092426653
2023-10-06,2.6925951140778817
2023-10-07,2.686133205572733
2023-10-08,2.637596660770361
2023-10-09,2.5817138904077774
2023-10-10,2.716229700254765
2023-10-11,2.667986830160788
2023-10-12,2.609800717548122
2023-10-13,2.6142575593071533
2023-10-14,2.5661028846274987
2023-10-15,2.515033017315345
2023-10-16,2.467983749573743
2023-10-17,2.526195607724875
2023-10-18,2.567853224999688
2023-10-19,2.5178244786874804
2023-10-20,2.470567775437676
2023-10-21,2.506830931341852
2023-10-22,2.4921666962164117
2023-10-23,2.5096718991695837
2023-10-24,2.9676319838848872
2023-10-25,2.8990286999028068
2023-10-26,2.82302550116394
2023-10-27,2.7606077722200135
2023-10-28,2.7291859474226094
2023-10-29,2.6675094461068363
2023-10-30,2.621161059540203
2023-10-31,2.5716493232248996
2023-11-01,2.520476371671339
2023-11-02,2.5151069920524964
2023-11-03,2.586881475829524
2023-11-04,2.5748511564065533
2023-11-05,2.5417049515876022
2023-11-06,2.543335075594162
2023-11-07,2.49572826268989
2023-11-08,2.466839898411505
2023-11-09,2.4236394924430984
2023-11-10,4.065861702877309
2023-11-11,3.965724520096441
2023-11-12,3.838867089926121
2023-11-13,3.7038782613941836
2023-11-14,3.5744669518816092
2023-11-15,3.625078883183761
2023-11-16,3.6615440295726622
2023-11-17,3.812036384659151
2023-11-18,3.6754810481580713
2023-11-19,3.5471104532824875
2023-11-20,3.4894360136117517
2023-11-21,3.3742833075965124
2023-11-22,3.526400594980991
2023-11-23,3.8642274668278516
2023-11-24,3.7243997035783436
2023-11-25,3.59897776470535
2023-11-26,3.4754823759848685
2023-11-27,3.3766860145217654
2023-11-28,3.311510302824584
2023-11-29,3.215988782744792
2023-11-30,3.1341869337622117
2023-12-01,3.0541872642391823
2023-12-02,2.999712170352312
2023-12-03,3.0824958777856
2023-12-04,3.010867294633158
2023-12-05,2.9885358624871845
2023-12-06,2.964159228397814
2023-12-07,2.9970045864225185
2023-12-08,3.2732663263716364
2023-12-09,3.171189735527471
2023-12-10,3.0879359344452464
2023-12-11,3.0001002341481207
2023-12-12,3.348437521049357
2023-12-13,3.257953040997241
2023-12-14,3.229466989768062
2023-12-15,3.1958235601825664
2023-12-16,3.340917911429157
2023-12-17,3.23485542933582
2023-12-18,3.170234347562822
2023-12-19,3.0852432149538838
2023-12-20,3.053595855336452
2023-12-21,2.978806144140424
2023-12-22,2.929613857403415
2023-12-23,3.0282700677081995
2023-12-24,2.953688153362103
2023-12-25,2.9362061791613954
2023-12-26,2.8578392177079017
2023-12-27,2.841364199842853
2023-12-28,3.2968771283030174
2023-12-29,3.2267124350408203
2023-12-30,3.1855253782780255
2023-12-31,3.092657402202284
2024-01-01,3.0078021152552106
2024-01-02,3.0370477540613026
2024-01-03,2.95120175577692
2024-01-04,3.431935999678933
2024-01-05,3.389724510488279
2024-01-06,3.2799578062869323
2024-01-07,3.203068067435529
2024-01-08,3.1199229247429794
2024-01-09,3.306118041894135
2024-01-10,3.204125470604432
2024-01-11,4.148821212874525
2024-01-12,4.003978723008649
2024-01-13,4.012779355599043
2024-01-14,3.9062134442483205
2024-01-15,3.963890622174645
2024-01-16,3.8382239727309164
2024-01-17,3.7856305200010967
2024-01-18,3.71483351178085
2024-01-19,3.657432821391171
2024-01-20,3.5356257922184646
2024-01-21,3.427588313711747
2024-01-22,3.3226639183806603
2024-01-23,3.670610348262235
2024-01-24,3.667689576347493
2024-01-25,3.5427325013740023
2024-01-26,3.4326399037185316
2024-01-27,3.370059889120013
2024-01-28,3.26179522562232
2024-01-29,3.1660746688273056
2024-01-30,3.1530175531710927
2024-01-31,3.070530398349384
2024-02-01,3.0854629523742516
2024-02-02,3.004013459921301
2024-02-03,2.9205046433462294
2024-02-04,2.8502984930539723
2024-02-05,2.7809378397543543
2024-02-06,2.715458796336875
2024-02-07,2.7771341757145436
2024-02-08,2.771239642111506
2024-02-09,2.706956750798992
2024-02-10,2.745482840115894
2024-02-11,2.682937472239175
2024-02-12,2.6230656366837097
2024-02-13,3.051600524505183
2024-02-14,2.9765293384691973
2024-02-15,3.207483687990105
2024-02-16,3.141048268160458
2024-02-17,3.0590631863907
2024-02-18,2.9791644574741394
2024-02-19,3.0389402044684664
2024-02-20,3.0090434330925655
2024-02-21,2.9913888791665983
2024-02-22,2.9511233908630414
2024-02-23,2.8713856985383943
2024-02-24,2.8465605745906744
2024-02-25,2.846004090776255
2024-02-26,2.9765361181473957
2024-02-27,2.943054736975937
2024-02-28,2.915382667251686
2024-02-29,3.070282377539958
2024-03-01,3.010896477527295
2024-03-02,3.0196332900792138
2024-03-03,2.9387801595438643
2024-03-04,2.903855468599332
2024-03-05,3.0269626565520964
2024-03-06,3.010747057777028
2024-03-07,3.5534212088619825
2024-03-08,3.448297855175582
2024-03-09,3.3350926623948585
2024-03-10,3.2308142129097877
2024-03-11,3.1411897572648946
2024-03-12,3.3130652140865773
2024-03-13,3.274182801621585
2024-03-14,3.1746936051573615
2024-03-15,3.220775068739452
2024-03-16,3.309877448579562
2024-03-17,3.666203458022887
2024-03-18,3.657428465340691
2024-03-19,3.6811704405668957
2024-03-20,4.754735549940194
2024-03-21,5.476666204568116
2024-03-22,5.247299756462603
2024-03-23,5.207006532707229
2024-03-24,4.988386760466156
2024-03-25,4.88723601939883
2024-03-26,4.803083531015837
2024-03-27,4.607031131412745
2024-03-28,4.484271460534906
2024-03-29,4.328082835152811
2024-03-30,4.184788026288585
2024-03-31,4.025566098378279
2024-04-01,4.020952428024059
2024-04-02,4.048010853104982
2024-04-03,4.357675661729619
2024-04-04,4.193500270269605
2024-04-05,4.034038215923437
2024-04-06,3.885376984527041
2024-04-07,3.7515274949831805
2024-04-08,3.7093748867622924
2024-04-09,4.043719580571488
2024-04-10,4.189074647413202
2024-04-11,4.0378778393900845
2024-04-12,3.9072470133870056
2024-04-13,4.414806228548192
2024-04-14,4.762533067354723
2024-04-15,4.758311660815713
2024-04-16,4.595586810343319
2024-04-17,4.41620038265337
2024-04-18,4.354589764248095
2024-04-19,4.242660146439957
2024-04-20,4.080955932315026
2024-04-21,4.0223220927766254
2024-04-22,3.874107766069313
2024-04-23,3.7574472419907887
2024-04-24,3.6259226037217664
2024-04-25,3.581800436090295
2024-04-26,3.4605000788309934
2024-04-27,3.3569885876397687
2024-04-28,3.4204549763693937
2024-04-29,3.30861326030765
2024-04-30,3.2372830314830408
2024-05-01,3.6762945713858284
2024-05-02,3.5758509334002815
2024-05-03,3.454824644818805
2024-05-04,3.501554814996349
2024-05-05,3.3854368608197998
2024-05-06,3.278332388358455
2024-05-07,3.259083027258842
2024-05-08,3.2119479866724805
2024-05-09,3.1336553566555168
2024-05-10,3.089344965456383
2024-05-11,3.256392851767639
2024-05-12,3.155524357873619
2024-05-13,3.0636804179272805
2024-05-14,2.980448057090871
2024-05-15,2.9885645325839727
2024-05-16,3.2317114738325547
2024-05-17,3.2569127563193745
2024-05-18,3.4335378228929683
2024-05-19,3.329238925450171
2024-05-20,3.2663055595035853
2024-05-21,5.916523658222671
2024-05-22,5.734113768284421
2024-05-23,5.502737721998599
2024-05-24,5.274964094985815
2024-05-25,5.073263340884796
2024-05-26,4.862409813206972
2024-05-27,4.693136908951684
2024-05-28,4.525864768469083
2024-05-29,4.365263069561953
2024-05-30,4.241529698195805
2024-05-31,4.082819881149438
2024-06-01,3.9294533659853794
2024-06-02,3.8018580063971035
2024-06-03,3.678672140689814
2024-06-04,3.5533488456150484
2024-06-05,3.444053596536261
2024-06-06,3.3509301352981624
2024-06-07,3.2734505177765847
2024-06-08,3.3513746857645015
2024-06-09,3.244123656346482
2024-06-10,3.14731850619419
2024-06-11,3.073595480533397
2024-06-12,3.303302083684417
2024-06-13,3.232423849053482
2024-06-14,3.230905832306627
2024-06-15,3.13213960607914
2024-06-16,3.110382094296545
2024-06-17,3.0452587438739234
2024-06-18,3.1096772117486267
2024-06-19,3.0315594336314993
2024-06-20,3.002614743379558
2024-06-21,2.951137250688706
2024-06-22,2.8713650620802613
2024-06-23,2.8071368437982835
2024-06-24,2.8184215803013317
2024-06-25,2.818641940273682
2024-06-26,2.7659419848700786
2024-06-27,2.7109574240764025
2024-06-28,2.7195538723860455
2024-06-29,2.7324683827897998
2024-06-30,2.6693422489664393
2024-07-01,2.6490733501339196
2024-07-02,2.5916298487008
2024-07-03,2.5483122299891647
2024-07-04,2.7397710867821523
2024-07-05,3.4502206368211215
2024-07-06,3.4282699801905006
2024-07-07,3.401558940367798
2024-07-08,3.5563690017534926
2024-07-09,3.527660533373752
2024-07-10,3.4322437887431017
2024-07-11,3.3306698475099044
2024-07-12,3.225314252359719
2024-07-13,3.1378948089567436
2024-07-14,3.0633095799635486
2024-07-15,3.029685915329018
2024-07-16,3.551163666214247
2024-07-17,3.450987833761239
2024-07-18,3.3785573305626513
2024-07-19,3.281733780209287
2024-07-20,3.233296605702282
2024-07-21,3.1345940916045922
2024-07-22,3.0436461922335827
2024-07-23,3.074532751830126
2024-07-24,3.0018461933068954
2024-07-25,3.1881537876130466
2024-07-26,3.419967506913866
2024-07-27,3.4115673836467195
2024-07-28,3.3115566679185693
2024-07-29,3.209849634412961
2024-07-30,3.133444434890616
2024-07-31,3.064876982730607
2024-08-01,3.01207024817704
2024-08-02,2.94432574358023
2024-08-03,3.5115074335856873
2024-08-04,3.507274078484864
2024-08-05,4.070063998900152
2024-08-06,4.981006908336073
2024-08-07,4.7945908811928755
2024-08-08,4.826052079395842
2024-08-09,6.012008128737792
2024-08-10,5.826701702012202
2024-08-11,5.572777590640648
2024-08-12,5.372440840752656
2024-08-13,5.438573454395235
2024-08-14,5.212159422171673
2024-08-15,5.015785135101675
2024-08-16,4.920865305902095
2024-08-17,4.721915926457316
2024-08-18,4.534057287093537
2024-08-19,4.35377623446897
2024-08-20,4.189156672363125
2024-08-21,4.097754467264651
2024-08-22,3.9869293438342637
2024-08-23,3.8412974792459127
2024-08-24,3.9724944604686683
2024-08-25,3.825432943846441
2024-08-26,3.6978181241806376
2024-08-27,3.644398928534047
2024-08-28,4.340647024722185
2024-08-29,4.241529851241819
2024-08-30,4.0784388071148845
2024-08-31,3.925420988734971
2024-09-01,3.7863505761266754
2024-09-02,3.802425615526129
2024-09-03,3.8732995461440565
2024-09-04,3.9696850940281188
2024-09-05,3.831014138715157
2024-09-06,3.83200139095772
2024-09-07,4.1277492435126
2024-09-08,4.011656298796382
2024-09-09,3.8702253389046755
2024-09-10,3.798057089624636
2024-09-11,3.6743299497914497
2024-09-12,3.6015740398872285
2024-09-13,3.4842398851161906
2024-09-14,3.480562536310818
2024-09-15,3.378155753073298
2024-09-16,3.5111906662493904
2024-09-17,3.4067830140165736
2024-09-18,3.33694115894189
2024-09-19,3.249766670359463
2024-09-20,3.3117230440825254
2024-09-21,3.374599848668027
2024-09-22,3.306471596438783
2024-09-23,3.226444871804023
2024-09-24,3.1997368671748827
2024-09-25,3.102683218760613
2024-09-26,3.1303294197342626
2024-09-27,3.0834786646042973
2024-09-28,3.058218865285478
2024-09-29,2.9816910803543295
2024-09-30,2.90945722122155
2024-10-01,2.9068904034253245
2024-10-02,3.3563366302472026
2024-10-03,3.4130904233542485
2024-10-04,3.3091467599813447
2024-10-05,3.2867567051751427
2024-10-06,3.1840717267695546
2024-10-07,3.0982668031226197
2024-10-08,3.018730400573973
2024-10-09,2.938868956334744
2024-10-10,2.994759745497199
2024-10-11,2.915492696367313
2024-10-12,2.8973645724986277
2024-10-13,2.847265820471124
2024-10-14,2.77827777271692
2024-10-15,3.234041128834468
2024-10-16,3.148307446861994
2024-10-17,3.054727625124073
2024-10-18,2.9695444415423164
2024-10-19,2.909524473961251
2024-10-20,2.8327848460234524
2024-10-21,2.9377020910127545
2024-10-22,2.996810455463816
2024-10-23,2.9606195643256603
2024-10-24,3.0987969136972273
2024-10-25,3.0096629567490143
2024-10-26,3.142293562485304
2024-10-27,3.0807148090108396
2024-10-28,3.0016239066378625
2024-10-29,2.984785504282646
2024-10-30,2.9949673233033227
2024-10-31,2.917188483228983
2024-11-01,3.2629522335321957
2024-11-02,3.1642005344271444
2024-11-03,3.079373547381898
2024-11-04,3.0274675228949053
2024-11-05,3.0368080311331553
2024-11-06,2.960834510858034
2024-11-07,4.376354857570679
2024-11-08,4.54525255552193
2024-11-09,4.404902595996957
2024-11-10,4.490473373200083
2024-11-11,4.337698009014304
2024-11-12,4.465547133754164
2024-11-13,4.4420275891370675
2024-11-14,4.302343877177839
2024-11-15,4.313610121389377
2024-11-16,4.152904168361948
2024-11-17,4.009830098191358
2024-11-18,3.902892013160003
2024-11-19,3.933733811358467
2024-11-20,3.9088845347393804
2024-11-21,3.7865589146990812
2024-11-22,4.428623808000114
2024-11-23,4.263752330287553
2024-11-24,4.131333943574571
2024-11-25,3.9878876431946146
2024-11-26,3.8609693356448087
2024-11-27,3.808551314236667
2024-11-28,4.531632136424943
2024-11-29,4.397598816159994
2024-11-30,4.225182930006802
2024-12-01,4.146216872350543
2024-12-02,3.98854072316266
2024-12-03,3.8795824265768046
2024-12-04,3.748514714215818
2024-12-05,3.9832904229385306
2024-12-06,3.8611987238621386
2024-12-07,4.022380170381243
2024-12-08,3.872819185060015
2024-12-09,3.7319437507689117
2024-12-10,4.230619464445128
2024-12-11,4.12811789505547
2024-12-12,4.251793977803255
2024-12-13,4.100379272296732
2024-12-14,3.947847563459002
2024-12-15,3.815549265906279
2024-12-16,3.7272997895183755
2024-12-17,3.598603344892464
2024-12-18,3.550400689909425
2024-12-19,4.01186159936338
2024-12-20,4.2436918088366715
2024-12-21,4.100789327211945
2024-12-22,4.1160933147305565
2024-12-23,3.9972895491860085
2024-12-24,4.018659019975646
2024-12-25,3.9059814726287465
2024-12-26,3.7630687075562004
2024-12-27,3.8929957402384234
2024-12-28,3.7513573918683476
2024-12-29,3.659998824499256
2024-12-30,3.5613080351589836
2024-12-31,3.4402016610421238
2025-01-01,3.336702532552079
2025-01-02,3.2336186447250785
2025-01-03,3.2236572709687157
2025-01-04,3.3465624411375123
2025-01-05,3.2563017801238163
2025-01-06,3.1625065719138017
2025-01-07,3.0884151557623207
2025-01-08,3.9271279542565196
2025-01-09,3.8171446464811103
2025-01-10,3.8121488439129116
2025-01-11,3.694148710698634
2025-01-12,3.565657587747907
2025-01-13,3.449198616489619
2025-01-14,3.548594875927247
2025-01-15,3.508663164186359
2025-01-16,3.8841114746966285
2025-01-17,3.9510442629182787
2025-01-18,4.038780085126886
2025-01-19,4.150210745582137
2025-01-20,4.084466991622675
2025-01-21,3.970213317276462
2025-01-22,3.8374715131252226
2025-01-23,3.782281801166856
2025-01-24,3.730731530412435
2025-01-25,3.6105266167983316
2025-01-26,3.4863491103978634
2025-01-27,3.464485560112519
2025-01-28,3.3863702936460727
2025-01-29,3.4283783435048827
2025-01-30,3.328352873208809
2025-01-31,3.423723225012067
2025-02-01,3.3383172631333604
2025-02-02,3.6466276770502377
2025-02-03,4.274824936153782
2025-02-04,4.109690778280704
2025-02-05,4.254371346759202
2025-02-06,4.126277840102401
2025-02-07,4.123003011637545
2025-02-08,4.036249278887326
2025-02-09,3.885793708303781
2025-02-10,3.745596248635892
2025-02-11,3.626921242644714
2025-02-12,3.568388988360314
2025-02-13,3.724096719877504
2025-02-14,3.662007347099589
2025-02-15,3.567390465819114
2025-02-16,3.468663418860382
2025-02-17,3.3758766638664928
2025-02-18,3.3705165982464935
2025-02-19,3.3614407200244694
2025-02-20,3.2798327999254697
2025-02-21,3.182904801684103
2025-02-22,3.200694075991603
2025-02-23,3.2643092053090075
2025-02-24,3.2072904063363357
2025-02-25,4.568434147208092
2025-02-26,4.39275659552798
2025-02-27,4.645347454425315
2025-02-28,4.4760182044265955
2025-03-01,4.398804706148427
2025-03-02,4.237148881790389
2025-03-03,5.437487950906733
2025-03-04,6.943983866802387
2025-03-05,6.633606482924952
2025-03-06,6.393710289441326
2025-03-07,6.133597888051722
2025-03-08,5.923469286724724
2025-03-09,5.715873747042131
2025-03-10,6.028197908838487
2025-03-11,6.221004699559024
2025-03-12,6.003360717916562
2025-03-13,5.745861009311595
2025-03-14,5.541802056950977
2025-03-15,5.34498471065477
2025-03-16,5.128199155310009
2025-03-17,4.9778185946681495
2025-03-18,4.801962488572776
2025-03-19,4.605491807548523
2025-03-20,4.75216765767309
2025-03-21,4.683553772733832
2025-03-22,4.504581411970509
2025-03-23,4.328708250493826
2025-03-24,4.17197255024329
2025-03-25,4.137357358940634
2025-03-26,3.9884413991216072
2025-03-27,3.93241554820119
2025-03-28,3.790125319548488
2025-03-29,3.997209458506893
2025-03-30,4.005137155091029
2025-03-31,3.87370040473701
2025-04-01,3.737291530403461
2025-04-02,3.806735292904737
2025-04-03,4.066401432577477
2025-04-04,3.925146608090356
2025-04-05,3.7813903971351994
2025-04-06,3.6528864542697574
2025-04-07,5.23612182325765
2025-04-08,5.0454287155502495
2025-04-09,5.079901819769281
2025-04-10,6.0170043990304825
2025-04-11,6.353470005878872
2025-04-12,6.1201608897475595
2025-04-13,5.999828811604677
2025-04-14,5.801492374492701
2025-04-15,5.563971501672075
2025-04-16,5.3665510766580535
2025-04-17,5.144312758206646
2025-04-18,4.928593234737028
2025-04-19,4.7249041815649475
2025-04-20,4.549900421659052
2025-04-21,4.398062193459031
2025-04-22,4.229449549250535
2025-04-23,5.0502775741687564
2025-04-24,4.873938321451186
2025-04-25,4.695557058858028
2025-04-26,4.509314384651158
2025-04-27,4.362089383522607
2025-04-28,4.223316516796938
2025-04-29,4.06190913379161
2025-04-30,3.9101835738632267
2025-05-01,3.7687383787849487
2025-05-02,3.692936862872198
2025-05-03,3.563418250684917
2025-05-04,3.4470779496916517
2025-05-05,3.361918081116049
2025-05-06,3.2565170460896256
2025-05-07,3.157088911889487
2025-05-08,3.066159591571145
2025-05-09,6.369174196441212
2025-05-10,6.31473990365549
2025-05-11,6.621542013674259
2025-05-12,6.376869668303149
2025-05-13,6.0981777370338
2025-05-14,6.161053909358468
2025-05-15,5.9433791294548
2025-05-16,5.728909950910638
2025-05-17,5.482817148040697
2025-05-18,5.302079706940787
2025-05-19,5.081432347671515
2025-05-20,4.877942630533666
2025-05-21,4.677912645283478
2025-05-22,4.4957878168021015
2025-05-23,4.482010834431099
2025-05-24,4.584262390616834
2025-05-25,4.400396887635908
2025-05-26,4.231529268465772
2025-05-27,4.069685542980346
2025-05-28,4.046937022653945
2025-05-29,3.899216563382344
2025-05-30,3.8028392454514512
2025-05-31,3.8456611982852973
2025-06-01,3.7074579326657413
2025-06-02,3.57783292406327
2025-06-03,3.5283096893095225
2025-06-04,3.41539855032187
2025-06-05,3.3056450037222103
2025-06-06,3.920350959420193
2025-06-07,3.8373278897742495
2025-06-08,3.7334831320425472
2025-06-09,3.607887163366716
2025-06-10,3.9378144996482902
2025-06-11,4.034401264426146
2025-06-12,3.9166411817207876
2025-06-13,4.029828068019264
2025-06-14,3.950263842187814
2025-06-15,3.850384427723508
2025-06-16,3.7136225008330763
2025-06-17,3.583812260167778
2025-06-18,3.488711920286984
2025-06-19,3.3745761400424557
2025-06-20,3.267008328844769
2025-06-21,3.454527342717948
2025-06-22,3.622048947376526
2025-06-23,3.6138651394897394
2025-06-24,4.140376726175425
2025-06-25,4.001697572466146
2025-06-26,3.8736953914134276
2025-06-27,3.733576494393035
2025-06-28,3.601636243530455
2025-06-29,3.479329878850126
2025-06-30,3.4359162142630417
2025-07-01,3.3300380632846975
2025-07-02,3.3734659874378345
2025-07-03,3.757533421135014
2025-07-04,3.628525836012093
2025-07-05,3.6389056670412807
2025-07-06,3.513122320338131
2025-07-07,3.4410732550961964
2025-07-08,3.3475742962532533
2025-07-09,3.329268640533764
2025-07-10,3.5935103455865813
2025-07-11,3.9020306306037416
2025-07-12,3.7593738029681196
2025-07-13,3.6307722919034284
2025-07-14,3.512773831227289
2025-07-15,3.4128644910520185
2025-07-16,3.4834817704301297
2025-07-17,3.9222497236845135
2025-07-18,3.8697018750618337
2025-07-19,3.7656679762767022
2025-07-20,3.6450762905667835
2025-07-21,3.7300505274491953
2025-07-22,3.5981448605711233
2025-07-23,3.478889226149205
2025-07-24,3.499146384200002
2025-07-25,3.4292988158277673
2025-07-26,3.3180516633141313
2025-07-27,3.213838768291292
2025-07-28,3.254297102799866
2025-07-29,3.209156952935924
2025-07-30,3.112636090379091
2025-07-31,3.02241712409756
2025-08-01,3.072793320160849
2025-08-02,3.4482742904820354
2025-08-03,3.437342395523084
2025-08-04,3.421113580693218
2025-08-05,3.736631280631189
2025-08-06,3.7153014864265432
2025-08-07,3.6208180636745104
2025-08-08,3.873387435511886
2025-08-09,3.792226844510482
2025-08-10,4.030162583002183
2025-08-11,3.8812737462155704
2025-08-12,3.7471438986361556
2025-08-13,4.30820569478123
2025-08-14,4.243329202655802
2025-08-15,4.2813756121636075
2025-08-16,4.180445679280113
2025-08-17,4.023896826183182
2025-08-18,3.8835187658035544
2025-08-19,3.8972985558299356
2025-08-20,4.1107096090731385
2025-08-21,4.3170291247444155
2025-08-22,4.223828063395818
2025-08-23,5.5635534964835225
2025-08-24,5.336497505662413
2025-08-25,5.109552513979746
2025-08-26,5.534542482874194
2025-08-27,5.474962886518629
2025-08-28,5.279058638849249
2025-08-29,5.05525256078147
2025-08-30,4.951467142899965
2025-08-31,4.746451738246739
2025-09-01,4.55365248228102
2025-09-02,4.4070595044705065
2025-09-03,4.233783375064218
2025-09-04,4.141541812132274
2025-09-05,4.12055136567133
2025-09-06,3.964439320403622
2025-09-07,3.8279551679732973
2025-09-08,3.693920715463004
2025-09-09,3.564616442467726
2025-09-10,3.4433753099668385
2025-09-11,3.3366823732383195
2025-09-12,3.298121918479526
2025-09-13,3.545137761616008
2025-09-14,3.440699656322272
2025-09-15,3.355426222128184
2025-09-16,3.29507016911377
2025-09-17,3.1972163665604545
2025-09-18,3.1427733790287085
2025-09-19,3.050283617890619
2025-09-20,3.07033846811062
2025-09-21,2.982279195396022
2025-09-22,2.913411651376223
2025-09-23,3.297220501697086
2025-09-24,3.2063999873504896
2025-09-25,3.1114370205582276
2025-09-26,3.644741267060222
2025-09-27,3.685596030374145
2025-09-28,3.5595507740065866
2025-09-29,3.53552391839599
2025-09-30,3.445920583234885
2025-10-01,3.373949477791266
2025-10-02,3.522957430272744
2025-10-03,3.5058685063070385
2025-10-04,3.390995914061909
2025-10-05,3.287892928800238
2025-10-06,3.1872602836271455
2025-10-07,3.252024767670798
2025-10-08,3.504804780776698
2025-10-09,3.4172254546184715
2025-10-10,3.47303719350206
2025-10-11,5.088035062288504
2025-10-12,4.921745372346866
2025-10-13,5.538551203948143
2025-10-14,5.329356280203543
2025-10-15,5.17183306855426
2025-10-16,5.060995370741744
2025-10-17,4.901494218273167
2025-10-18,4.727405665301212
2025-10-19,4.55107939631937
2025-10-20,4.414711652338476
2025-10-21,4.241483130199442
2025-10-22,4.160483788040623
2025-10-23,4.039924909807696
2025-10-24,3.903170788588078
2025-10-25,3.797127757121033
2025-10-26,3.6620781575107246
2025-10-27,3.8016035526442167
2025-10-28,3.678591714108988
2025-10-29,3.7011763763624277
2025-10-30,3.621684584003277
2025-10-31,3.5820299441030503
2025-11-01,3.4703748541456267
2025-11-02,3.3582461579256306
2025-11-03,3.256226902600951
2025-11-04,3.942070147583288
2025-11-05,4.652369884548238
2025-11-06,4.604201436979491
2025-11-07,4.526062067702485
2025-11-08,4.4546911753432825
2025-11-09,4.291814901231134
2025-11-10,4.371756158363095
2025-11-11,4.20404988339534
2025-11-12,4.241100314079654
2025-11-13,4.078282383282323
2025-11-14,4.250571628456749
2025-11-15,4.238900129384106
2025-11-16,4.101315380129958
2025-11-17,4.010314624574466
2025-11-18,3.9146497861177525
2025-11-19,3.8575265939098484
2025-11-20,3.8407268395267273
2025-11-21,4.171170738014769
2025-11-22,4.0812602761308545
2025-11-23,3.927507833433617
2025-11-24,3.793696605947179
2025-11-25,3.93839062275356
2025-11-26,3.7934408644291002
2025-11-27,3.705782336756841
2025-11-28,3.5788099676391063
2025-11-29,3.4581015947192633
2025-11-30,3.3736711292876604
2025-12-01,3.2649776181538743
2025-12-02,3.7182239857703254
2025-12-03,4.060834339490219
2025-12-04,4.276862453605682
2025-12-05,4.147684904434877
2025-12-06,4.135535093215767
2025-12-07,3.979881048978576
2025-12-08,3.835560125877019
2025-12-09,3.737487101764697
2025-12-10,3.9771321636772776
2025-12-11,3.8297762373325237
2025-12-12,3.778782499911461
2025-12-13,3.915517684445275
2025-12-14,3.7788245999310814
2025-12-15,3.6812246462060823
2025-12-16,3.6871304284652533
2025-12-17,3.558695659156127
2025-12-18,3.683912944530905
2025-12-19,3.556289518635385
2025-12-20,3.7264471069682936
2025-12-21,3.5953249450765195
2025-12-22,3.4768382283083574
2025-12-23,3.361304711131075
2025-12-24,3.2878726862701804
2025-12-25,3.192285629425299
2025-12-26,3.1319316430213315
2025-12-27,3.0452988836668187
2025-12-28,2.9630466593975866
2025-12-29,2.8825803207736
2025-12-30,2.8131866078864043
2025-12-31,2.759671530379858
