date,fitted,residual,actual
2020-01-03,0.006024974527532792,-0.015351245055705792,-0.009326270528173
2020-01-07,0.00022978302003697493,0.021407675458710723,0.0216374584787477
2020-01-08,0.0011057537377124889,-0.02156824876399879,-0.0204624950262863
2020-01-09,2.178045143444736e-05,0.036362135005621354,0.0363839154570558
2020-01-10,0.0030121534150884203,-0.07314841323661053,-0.0701362598215221
2020-01-14,0.002410227096291173,0.029357139784018927,0.0317673668803101
2020-01-15,0.003199123764706435,0.05428798676022187,0.0574871105249283
2020-01-16,0.002031256498518824,0.08696575395356368,0.0889970104520825
2020-01-17,0.0017688313279341028,-0.031107471088637203,-0.0293386397607031
2020-01-22,0.002007736836988177,0.04574897778654032,0.0477567146235285
2020-01-23,0.00024342561311039066,-0.004366188616266291,-0.0041227630031559
2020-01-24,0.0048967131954801395,-0.02297861443959454,-0.0180819012441144
2020-01-28,-0.0006041382295259799,0.03706940156359978,0.0364652633340738
2020-01-29,0.00284199169497068,0.03913698973801482,0.0419789814329855
2020-01-30,0.00039180309945143014,0.01902407562817097,0.0194158787276224
2020-01-31,0.008962417977622001,-0.0069839841031174,0.0019784338745046
2020-02-04,0.0009191736482031984,-0.015018075756966598,-0.0140989021087634
2020-02-05,0.0006644665405643423,-0.009735607313961642,-0.0090711407733973
2020-02-06,0.0012736520223990844,0.03954831482336852,0.0408219668457676
2020-02-07,0.0015318504366867152,0.04063094729444088,0.0421627977311276
2020-02-11,0.004741561598880266,-0.058104600427556066,-0.0533630388286758
2020-02-12,0.0007940251547858045,0.043321595408313596,0.0441156205630994
2020-02-13,0.0031961148345999555,0.08197468105260074,0.0851707958872007
2020-02-14,0.002595228259600577,0.022627266366971523,0.0252224946265721
2020-02-19,0.000668348533667138,0.05021751057378386,0.050885859107451
2020-02-20,0.0013809709741020666,-0.029550905310338164,-0.0281699343362361
2020-02-21,0.006054296240001183,-0.10433939283251138,-0.0982850965925102
2020-02-25,0.008055871458237242,-0.002348573104374342,0.0057072983538629
2020-02-26,0.0003921996571360781,-0.03324985610825388,-0.0328576564511178
2020-02-27,0.022075458783585307,-0.11485621648471481,-0.0927807577011295
2020-02-28,0.0013691028173335527,-0.011278705316231551,-0.009909602498898
2020-03-03,0.009598791263335432,-0.019127634654174434,-0.009528843390839
2020-03-04,-0.008696999937805254,0.037339507404905055,0.0286425074670998
2020-03-05,0.014799676553304974,-0.035764849164018876,-0.0209651726107139
2020-03-06,0.006301424648173513,0.014750343538410688,0.0210517681865842
2020-03-10,-0.01677829546243087,-0.07179235542579383,-0.0885706508882247
2020-03-11,0.00939795235558802,-0.00747914395102202,0.001918808404566
2020-03-12,0.022806303687498978,-0.014231965601751178,0.0085743380857478
2020-03-13,-0.029918673632833494,-0.32922816445873726,-0.3591468380915708
2020-03-17,-0.02177511188119046,-0.14290488352342304,-0.1646799954046135
2020-03-18,-0.009931247558255635,0.10663344189724834,0.0967021943389927
2020-03-19,-0.013267687525680328,0.00021304038783632843,-0.013054647137844
2020-03-20,-0.009347288648683984,0.08030512581135099,0.070957837162667
2020-03-24,0.003988910431731652,-0.025852313194458153,-0.0218634027627265
2020-03-25,0.008454134990266555,0.07495605358270314,0.0834101885729697
2020-03-26,0.010115905114586113,-0.009356148624832012,0.0007597564897541
2020-03-27,0.008198250506407271,0.004242020976244529,0.0124402714826518
2020-03-31,-0.0012963511401399273,0.025879863941451527,0.0245835128013116
2020-04-01,-0.006304598964018129,0.024787844233884526,0.0184832452698664
2020-04-02,-0.009265420291680228,0.018774956050995627,0.0095095357593154
2020-04-03,-0.012160528231046202,0.0398510655775489,0.0276905373465027
2020-04-07,0.009433152379351013,0.029339152477158684,0.0387723048565097
2020-04-08,-0.005986074498449095,0.08458482541082009,0.078598750912371
2020-04-09,0.0025687697526624296,-0.02245167433419773,-0.0198829045815353
2020-04-14,-0.0032694292873398163,-0.005703041902199184,-0.008972471189539
2020-04-15,-0.0006669027898787626,0.012888381806559261,0.0122214790166805
2020-04-16,-0.0033209554286611747,0.14013135842499846,0.1368104029963373
2020-04-17,0.0005117115596063196,-0.08483774639851371,-0.0843260348389074
2020-04-21,-0.002156301108698039,-0.02133528941010996,-0.023491590518808
2020-04-22,-0.00559288015233627,-0.02278896725997123,-0.0283818474123075
2020-04-23,0.0006021379022767685,0.03591444813587253,0.0365165860381493
2020-04-24,-0.0114636423063672,0.028864075582995502,0.0174004332766283
2020-04-28,0.005033238184833355,0.0057102331745690444,0.0107434713594024
2020-04-29,0.0008885131526453253,0.013882820604437775,0.0147713337570831
2020-04-30,0.00908218112000908,0.05258414494436572,0.0616663260643748
2020-05-01,0.00221050359659717,-0.017349467336037372,-0.0151389637394402
2020-05-05,0.0007093937367893737,-0.048578379219001974,-0.0478689854822126
2020-05-06,-0.00238891436512163,0.00519178316445993,0.0028028687993383
2020-05-07,0.000507042663973914,0.054535809860174284,0.0550428525241482
2020-05-08,0.0002763527431923698,-0.02241946987323827,-0.0221431171300459
2020-05-12,0.01244448020337036,-0.04375895725226275,-0.0313144770488924
2020-05-13,0.0025985383821021443,-0.011100544607740044,-0.0085020062256379
2020-05-14,-0.003316218534224413,0.019984921278312515,0.0166687027440881
2020-05-15,0.000920795739575567,0.023736404829376632,0.0246572005689522
2020-05-19,0.0060842883578157226,0.016300359408756078,0.0223846477665718
2020-05-20,0.0010899323657068537,0.07496462985273444,0.0760545622184413
2020-05-21,0.0053142419831173505,0.01040317209084325,0.0157174140739606
2020-05-22,-0.001444517749627147,0.07780873987074705,0.0763642221211199
2020-05-27,-9.572154044188259e-05,0.0017397987685780826,0.0016440772281362
2020-05-28,0.007044058820492332,0.0017711758364045678,0.0088152346568969
2020-05-29,0.0004636454118021287,-0.01250984602743473,-0.0120462006156326
2020-06-02,0.003956543823215296,-0.011570347896988197,-0.0076138040737729
2020-06-03,0.003696818130470658,0.02605419736682834,0.029751015497299
2020-06-04,0.002341365894700528,-0.010048303108764728,-0.0077069372140642
2020-06-05,0.0037751001767141914,0.007378040964502208,0.0111531411412164
2020-06-09,0.006119139437497434,0.008789057576483964,0.0149081970139814
2020-06-10,0.0029742876447114755,-0.007216291904314876,-0.0042420042596034
2020-06-11,0.020745913298947462,-0.057388505403915165,-0.0366425921049677
2020-06-12,-0.00842660835032983,0.06173626834035703,0.0533096599900272
2020-06-16,0.002885144893999971,-0.006094950426271471,-0.0032098055322715
2020-06-17,-0.000898064674340256,0.09791128749684855,0.0970132228225083
2020-06-18,-0.0012826756529279782,0.06747813499356367,0.0661954593406357
2020-06-19,0.005533597513402343,0.06699043235861227,0.0725240298720146
2020-06-23,0.003814301308848416,0.0004358228083385838,0.004250124117187
2020-06-24,0.0018782231697521696,0.03604035734434733,0.0379185805140995
2020-06-25,-0.002489154837856413,0.03915149337881721,0.0366623385409608
2020-06-26,0.004809912370789566,0.0025143560807125336,0.0073242684515021
2020-06-30,0.0008499112062059491,0.006931961282697651,0.0077818724889036
2020-07-01,0.00152432652545892,-0.017960608188075718,-0.0164362816626168
2020-07-02,0.0017879285881333476,0.03507786824682985,0.0368657968349632
2020-07-07,0.0025165908929571028,0.0509091597610123,0.0534257506539694
2020-07-08,-0.0001733976875779556,0.0010276660683822556,0.0008542683808043
2020-07-09,0.004391966112996148,0.05668965788867765,0.0610816240016738
2020-07-10,-0.0002351335880491627,-0.0010203322999173372,-0.0012554658879665
2020-07-14,-0.003932648616172135,0.012904105691165634,0.0089714570749935
2020-07-15,0.0013392703128217703,-0.02120259210318587,-0.0198633217903641
2020-07-16,0.00318822566896718,0.013741343312601722,0.0169295689815689
2020-07-17,-0.0033014975181113572,0.0037247280562007572,0.0004232305380894
2020-07-21,0.0072488613573041295,0.06303079566317077,0.0702796570204749
2020-07-22,0.0032134983263044695,0.03027318372006563,0.0334866820463701
2020-07-23,0.006202393964123229,0.04361991041407268,0.0498223043781959
2020-07-24,0.0020995726482285907,0.06296301471145511,0.0650625873596837
2020-07-28,0.00547673333451238,-0.014096831416557681,-0.0086200980820453
2020-07-29,0.0033445203377029413,-0.00028262425959074125,0.0030618960781122
2020-07-30,0.004497275645592111,0.02941463863278209,0.0339119142783742
2020-07-31,0.005721470382594446,0.024768999696769056,0.0304904700793635
2020-08-04,0.004184038367738433,0.03203528780839457,0.036219326176133
2020-08-05,0.009534175185129721,0.0013196949062352793,0.010853870091365
2020-08-06,0.003192895815815593,0.04593194862895281,0.0491248444447684
2020-08-07,0.0004907451555925111,-0.015107669866828712,-0.0146169247112362
2020-08-11,0.009489429240675527,0.0023406954944262728,0.0118301247351018
2020-08-12,0.0030158388559148254,-0.018064585673944127,-0.0150487468180293
2020-08-13,0.005310612847521292,0.0039902591557053075,0.0093008720032266
2020-08-14,0.005724639484605651,0.041597933572017846,0.0473225730566235
2020-08-18,0.006586908977465808,0.03307137584499909,0.0396582848224649
2020-08-19,0.00668763479757651,-0.01115708096665341,-0.0044694461690769
2020-08-20,0.0034823200578249463,0.003636373766937154,0.0071186938247621
2020-08-21,0.0025569953806164935,0.036589834982653203,0.0391468303632697
2020-08-25,0.00446986291044904,0.009135372765464961,0.013605235675914
2020-08-26,0.007720476336403262,0.034500711438559935,0.0422211877749632
2020-08-27,0.0062167092551769125,0.020523645511237087,0.026740354766414
2020-08-28,0.006482444896487209,0.01224750566824409,0.0187299505647313
2020-09-01,0.005436157751186321,0.021772034122711177,0.0272081918738975
2020-09-02,0.0023340943439311202,0.10724430912029588,0.109578403464227
2020-09-03,0.01708931398030429,-0.03264423415218799,-0.0155549201718837
2020-09-04,0.0002721766161627728,-0.04090162840154407,-0.0406294517853813
2020-09-09,-9.359428808446283e-05,-0.014468801125121337,-0.0145623954132058
2020-09-10,0.005277933218905098,0.015753474420141203,0.0210314076390463
2020-09-11,-0.004277257165905613,0.08482875661670441,0.0805514994507988
2020-09-15,0.0018741465518095327,0.013832614552118566,0.0157067611039281
2020-09-16,0.004870586892315447,-0.019427305884924747,-0.0145567189926093
2020-09-17,0.0023576426157971096,-0.02700266508166771,-0.0246450224658706
2020-09-18,0.0028144290287527842,0.060178093698336016,0.0629925227270888
2020-09-22,-0.0002861416427791931,-0.0678559543088434,-0.0681420959516226
2020-09-23,3.6455867656814366e-05,0.0037805722131684857,0.0038170280808253
2020-09-24,7.77065313847852e-06,0.004072892473767021,0.0040806631269055
2020-09-25,-0.00396852500927709,0.037269275550606495,0.0333007505413294
2020-09-29,0.0027438356383419856,0.008609869451578815,0.0113537050899208
2020-09-30,0.006199153477428679,-0.0068005213554206785,-0.000601367877992
2020-10-01,0.004446381703193069,-0.02209168859214597,-0.0176453068889529
2020-10-02,0.0036556370136555097,0.0017105460819469903,0.0053661830956025
2020-10-06,0.0038855383019175964,-0.018677102682019796,-0.0147915643801022
2020-10-07,-0.0007745856806612876,-0.04427385618432921,-0.0450484418649905
2020-10-08,0.00022934479953575133,-0.028212055772821952,-0.0279827109732862
2020-10-09,0.0058695799641618855,0.020766380735587814,0.0266359606997497
2020-10-14,0.0048381939679320455,0.0012135102544330546,0.0060517042223651
2020-10-15,0.0007451484833838023,-0.0008337080550459309,-8.85595716621285e-05
2020-10-16,0.005742624788528631,-0.01777555563719953,-0.0120329308486709
2020-10-20,0.004179516365514203,-0.0013688217392080035,0.0028106946263062
2020-10-21,0.004001054386190353,-0.02987071322712665,-0.0258696588409363
2020-10-22,0.0008609317757956271,0.013001936383773373,0.013862868159569
2020-10-23,0.0036992348224445903,0.01624122933491241,0.019940464157357
2020-10-27,0.0074079170715812895,-0.03570522928034279,-0.0282973122087615
2020-10-28,0.009715888874789469,0.005214399116163731,0.0149302879909532
2020-10-29,-0.004356113257246875,-0.004181831535393926,-0.0085379447926408
2020-10-30,0.005447169494902829,-0.010280943689888328,-0.0048337741949855
2020-11-03,0.006284306766824189,-0.03129667678430929,-0.0250123700174851
2020-11-04,-0.004328271576441158,-0.0013638733783081424,-0.0056921449547493
2020-11-05,0.005510307473963786,0.0038506468316202146,0.009360954305584
2020-11-06,0.002429817098530266,0.018987326334864336,0.0214171434333946
2020-11-10,0.0036478195637357105,0.03988556436021029,0.043533383923946
2020-11-13,0.0014281976679480597,-0.01243469218727146,-0.0110064945193234
2020-11-17,0.006929542286951491,-0.000464442572948991,0.0064650997140025
2020-11-18,0.008688784063276856,-0.028516940370426458,-0.0198281563071496
2020-11-19,0.0026166406587294936,-0.008439309790762795,-0.0058226691320333
2020-11-20,0.008140517412676112,-0.009907752957671313,-0.0017672355449952
2020-11-24,0.006581968300635727,0.006874715120073174,0.0134566834207089
2020-11-25,0.0070337648408708335,-0.0043928896295944335,0.0026408752112764
2020-12-01,0.008827585525535982,0.04610618956343682,0.0549337750889728
2020-12-02,0.008045293405486207,-0.013705259078383606,-0.0056599656728974
2020-12-03,0.01012892955543382,0.0036363132068515797,0.0137652427622854
2020-12-04,0.006690740955135326,0.015514448367956176,0.0222051893230915
2020-12-08,0.004340106592537557,0.0014443248265948432,0.0057844314191324
2020-12-09,0.007220675458712658,-0.037748479485364056,-0.0305278040266514
2020-12-10,0.005884063586172929,-0.007459362973884729,-0.0015752993877118
2020-12-11,0.005804114279801033,-0.022901046848669733,-0.0170969325688687
2020-12-15,0.004980521480203288,-0.005469209724822388,-0.0004886882446191
2020-12-16,0.00604304391901563,0.016131094666651472,0.0221741385856671
2020-12-17,0.008272066848108441,0.010126849671422558,0.018398916519531
2020-12-18,0.0024067259357377136,0.030488366300076487,0.0328950922358142
2020-12-22,0.0024280562836927156,-0.03623661542468341,-0.0338085591409907
2020-12-23,0.005490812703941288,0.016584799515665213,0.0220756122196065
2020-12-29,0.012323588118530154,0.044646431790692546,0.0569700199092227
2020-12-30,0.00758406087426674,-0.00482693958228554,0.0027571212919812
2020-12-31,0.006542121150431258,-0.036353163351374354,-0.0298110422009431
2021-01-05,0.004724289463128844,0.041569226003348655,0.0462935154664775
2021-01-06,0.005993066167943427,0.08714758502073947,0.0931406511886829
2021-01-07,-0.0020731301052558625,0.06895793209546787,0.066884801990212
2021-01-08,0.00430933384788805,0.01689558950117535,0.0212049233490634
2021-01-12,0.00591177272835061,-0.12070330079642821,-0.1147915280680776
2021-01-13,0.004277868593829061,0.00825398928464634,0.0125318578784754
2021-01-14,0.007757208090882002,0.03902200089156099,0.046779208982443
2021-01-15,0.004182912178589489,0.04189432788786431,0.0460772400664538
2021-01-22,0.0026477434071548664,-0.09507258650348996,-0.0924248430963351
2021-01-26,0.005256733280224414,0.008029054477893986,0.0132857877581184
2021-01-27,0.025392732581961057,-0.03779527054052896,-0.0124025379585679
2021-01-28,-0.007261123313689175,-0.031542019526066126,-0.0388031428397553
2021-01-29,0.008226505766722592,0.05123578835334381,0.0594622941200664
2021-02-02,-0.002664828640918704,0.023647054249257903,0.0209822256083392
2021-02-03,5.0445813252682294e-05,0.052526272407440115,0.0525767182206928
2021-02-04,-0.00087102837108988,0.11689392792137178,0.1160228995502819
2021-02-05,0.006693436998527797,0.0213844317783135,0.0280778687768413
2021-02-09,0.007580676654765875,0.06596158211377333,0.0735422587685392
2021-02-10,0.007640887022531604,0.031768970411279296,0.0394098574338109
2021-02-11,0.004648153061490753,0.026835647126352946,0.0314838001878437
2021-02-12,0.0036519867661714955,0.026903245624634704,0.0305552323908062
2021-02-17,0.004099659250389045,0.009014373533522755,0.0131140327839118
2021-02-18,0.006395724849984821,0.015301370358525478,0.0216970952085103
2021-02-19,0.007874205327454375,0.03164709591505002,0.0395213012425044
2021-02-23,0.00518558349089573,-0.06997468295117273,-0.064789099460277
2021-02-24,0.0038276138142081086,-0.1440186136634656,-0.1401909998492575
2021-02-25,0.016091163667450715,0.07123227623182948,0.0873234398992802
2021-02-26,-0.003304306556590433,-0.017011529878050265,-0.0203158364346407
2021-03-02,0.00297613872013502,0.07895580105097028,0.0819319397711053
2021-03-03,0.00708918836645174,0.0040668774425416596,0.0111560658089934
2021-03-04,0.007936672758902518,0.039601846224065686,0.0475385189829682
2021-03-05,-0.009422308233811407,-0.004501265264188693,-0.0139235734980001
2021-03-09,0.004412426514780678,0.021398579314911223,0.0258110058296919
2021-03-10,0.004368369235946957,0.044502325552830346,0.0488706947887773
2021-03-11,0.007259836680200217,-0.007589775621223217,-0.000329938941023
2021-03-12,0.0011957721918671982,0.010447436897072202,0.0116432090889394
2021-03-16,0.005128886123323158,-0.04025419056767296,-0.0351253044443498
2021-03-17,0.0015774253700212794,0.00943144253770832,0.0110088679077296
2021-03-18,0.010516825860609307,0.006824235104021595,0.0173410609646309
2021-03-19,0.0013337039410787625,0.010260593630124938,0.0115942975712037
2021-03-23,0.004050803152028341,-0.01172132300757064,-0.0076705198555423
2021-03-24,0.0023807668889258824,-0.03605084446363628,-0.0336700775747104
2021-03-25,-0.0014897812711679257,-0.005425131808852574,-0.0069149130800205
2021-03-26,0.0031661093189437974,-0.035828511573113495,-0.0326624022541697
2021-03-30,8.094241065636048e-05,0.049476579507547434,0.0495575219182038
2021-03-31,0.006185384916659976,0.041451748104857924,0.0476371330215179
2021-04-01,0.0011799478219697785,0.0025307629967581216,0.0037107108187279
2021-04-06,0.005943237583494101,0.0358310104772374,0.0417742480607315
2021-04-07,0.0017668630565896998,0.0096075226344418,0.0113743856910315
2021-04-08,0.004613783944908508,-0.0675308366611258,-0.0629170527162173
2021-04-09,0.0027521852490208663,0.033509253968954135,0.036261439217975
2021-04-13,0.004817573542326671,0.01190350319603583,0.0167210767383625
2021-04-14,0.006638181437710045,0.03644454234221886,0.0430827237799289
2021-04-15,0.004779022842112934,0.05082007962210697,0.0555991024642199
2021-04-16,0.004993010682620125,0.017640959572673975,0.0226339702552941
2021-04-20,0.006304507618444315,0.012848711186450586,0.0191532188048949
2021-04-21,0.002581812814128911,0.010592047250997988,0.0131738600651269
2021-04-22,0.005925998194097085,0.002527139364988415,0.0084531375590855
2021-04-23,0.0023158817903370047,0.024356023456603593,0.0266719052469406
2021-04-27,0.0005233710421611081,0.0871720054345092,0.0876953764766703
2021-04-28,0.003161550647507807,0.0314616738165444,0.0346232244640522
2021-04-29,0.004254861409133628,0.01737424249183907,0.0216291039009727
2021-04-30,0.002271846139299658,-0.013933436503022659,-0.011661590363723
2021-05-04,0.004534794531262062,0.043838756892236035,0.0483735514234981
2021-05-05,0.005366068144276253,0.0030618842773131464,0.0084279524215894
2021-05-06,0.004591639192048793,0.013416892244467805,0.0180085314365166
2021-05-07,0.007624344636323275,0.015088520747876423,0.0227128653841997
2021-05-11,0.008335242710289114,-0.006363211761909213,0.0019720309483799
2021-05-12,0.00975741403936407,-0.01326012208049527,-0.0035027080411312
2021-05-13,-0.002879847971110249,-0.00584516434968735,-0.0087250123207976
2021-05-14,-0.0014683278633705163,-0.04771996978798458,-0.0491882976513551
2021-05-18,0.0068825840882559865,-0.04242080982677689,-0.0355382257385209
2021-05-19,0.003046858675314558,-0.08086248620314905,-0.0778156275278345
2021-05-20,-0.0003906350087886792,-0.1534800342261746,-0.1538706692349633
2021-05-21,-0.000984395539980379,-0.012094931085605422,-0.0130793266255858
2021-05-25,0.0020939337308323726,0.09954038880501753,0.1016343225358499
2021-05-26,-0.0011479223514779349,0.031176521361479435,0.0300285990100015
2021-05-27,0.00051219901354296,0.06275478241132623,0.0632669814248692
2021-05-28,0.002732614978658461,-0.027918610662562862,-0.0251859956839044
2021-06-02,-0.00032258259559342877,0.017943863509267226,0.0176212809136738
2021-06-03,-0.002171123214582766,0.048827058551636764,0.046655935337054
2021-06-04,0.0014327665731497115,0.012189661754933887,0.0136224283280836
2021-06-08,0.0006059401725263228,-0.0070089784601728225,-0.0064030382876465
2021-06-09,0.002288389817020032,-0.021836502651217435,-0.0195481128341974
2021-06-10,-0.0025347295235336018,0.0204287008682462,0.0178939713447126
2021-06-11,-0.003869978482594002,-0.016381471612461996,-0.020251450095056
2021-06-15,-0.0005414872366556762,0.029532296038669477,0.0289908088020138
2021-06-16,0.005352810075937959,-0.02547771588176386,-0.0201249058058259
2021-06-17,-0.009596432529728362,-0.025992186150196037,-0.0355886186799244
2021-06-18,0.002825501378139506,-0.024038677342677707,-0.0212131759645382
2021-06-22,-0.001751695967863711,-0.07951351355955928,-0.081265209527423
2021-06-23,0.003276162714507635,-0.005456305797199335,-0.0021801430826917
2021-06-24,0.0001441347174896872,0.03505690783995281,0.0352010425574425
2021-06-25,0.0027955245625047895,-0.00046166683719908947,0.0023338577253057
2021-06-29,-0.0003616045251902647,0.030985690066165864,0.0306240855409756
2021-06-30,-0.0015250021212153421,0.02938631013607434,0.027861308014859
2021-07-01,-0.0007247130949632272,-0.002400699056985873,-0.0031254121519491
2021-07-02,0.0017247843140624968,-0.004533060340208997,-0.0028082760261465
2021-07-07,-0.0009638850437836341,0.03938830237840794,0.0384244173346243
2021-07-08,0.006048807977745303,-0.004707834557440703,0.0013409734203046
2021-07-09,-0.0026647331001568085,-0.020625575239217892,-0.0232903083393747
2021-07-13,0.0007585920745023913,-0.024226148151160594,-0.0234675560766582
2021-07-14,4.230021566426473e-05,-0.015383552794221364,-0.0153412525785571
2021-07-15,0.0008907857658812631,-0.013612745707443462,-0.0127219599415622
2021-07-16,0.002737452870006514,-0.02208479477883951,-0.019347341908833
2021-07-20,-0.005399894498854028,-0.02384154309992407,-0.0292414375987781
2021-07-21,-0.0001711744593435975,0.0029149519641857974,0.0027437775048422
2021-07-22,-0.0010008482214465223,0.05108275333755292,0.0500819051161064
2021-07-23,-3.2711836698354697e-05,0.010207467901655254,0.0101747560649569
2021-07-27,0.004063570200584493,0.016782366705646007,0.0208459369062305
2021-07-28,-0.00015918264548334915,0.01536111104546175,0.0152019283999784
2021-07-29,0.006325318865851943,-0.0012608157870866426,0.0050645030787653
2021-07-30,0.002102279895499402,0.013280311025354798,0.0153825909208542
2021-08-03,-0.0009549292299974746,-0.004249756932221326,-0.0052046861622188
2021-08-04,0.0019456703465887857,0.002885486193550415,0.0048311565401392
2021-08-05,0.0019029709550407057,0.0332520834309979,0.0351550543860386
2021-08-06,-0.0030384109942160208,0.02545350053828042,0.0224150895440644
2021-08-10,0.003448348652168681,0.02107843599379142,0.0245267846459601
2021-08-11,0.004260934227647992,-0.006102385588078692,-0.0018414513604307
2021-08-12,0.003235345143872482,0.0019045422129528185,0.0051398873568253
2021-08-13,0.005165793806928322,-0.00027959061055172173,0.0048862031963766
2021-08-17,0.0038830289778070516,-0.02661556035510465,-0.0227325313772976
2021-08-18,0.009686781397016946,-0.021771499329550748,-0.0120847179325338
2021-08-19,0.001270809381284217,0.013019590697859983,0.0142904000791442
2021-08-20,-0.00428011701970213,0.03662913186479743,0.0323490148450953
2021-08-24,0.006235249220882078,-0.007836212829766077,-0.001600963608884
2021-08-25,0.0038785159989856892,-0.01729516826275349,-0.0134166522637678
2021-08-26,0.006367979771282192,-0.011202053271559893,-0.0048340735002777
2021-08-27,0.002930171230461161,-0.005325495289495061,-0.0023953240590339
2021-08-31,0.005550036102910667,-0.0032796590986489673,0.0022703770042617
2021-09-01,0.005012030725411313,0.035667896250717285,0.0406799269761286
2021-09-02,0.0050836464855862,0.0466067846303078,0.051690431115894
2021-09-03,0.005820665841972832,-0.0009339546854007317,0.0048867111565721
2021-09-08,0.0023836268918010304,-0.057435028136922125,-0.0550514012451211
2021-09-09,0.005219481102830485,0.004634945785989015,0.0098544268888195
2021-09-10,0.006738244214100102,-0.008416632800240503,-0.0016783885861404
2021-09-14,0.002381403601515651,-0.01285852085372745,-0.0104771172522118
2021-09-15,-0.0008574836347634559,0.04002162064844496,0.0391641370136815
2021-09-16,0.0009437414166483487,0.01628692906562465,0.017230670482273
2021-09-17,0.0041967205284878396,-0.01612576056108224,-0.0119290400325944
2021-09-21,0.0010025846009643553,-0.07992214485879964,-0.0789195602578353
2021-09-22,-0.003639527379848453,0.025921784632336554,0.0222822572524881
2021-09-23,-0.0024577383487192164,0.055004232520412415,0.0525464941716932
2021-09-24,-0.002211131777411371,4.845377788007064e-05,-0.0021626779995313
2021-09-28,0.005093029714200535,-0.032922828872020735,-0.0278297991578202
2021-09-29,-0.0036112674198653123,-0.009419320935201987,-0.0130305883550673
2021-09-30,0.002187276253865978,0.020007115805823022,0.022194392059689
2021-10-01,-0.0011766242072438792,0.042048341098996675,0.0408717168917528
2021-10-05,-0.0008193943970695699,0.00839853385940317,0.0075791394623336
2021-10-06,3.746207182437682e-05,0.012199804783587623,0.012237266855412
2021-10-07,0.0025157532781728714,0.007574951259891228,0.0100907045380641
2021-10-08,0.0020817328017238967,0.015508664648451504,0.0175903974501754
2021-10-13,0.004097682536297882,0.003588267322423318,0.0076859498587212
2021-10-14,0.0024878526856838574,0.02140584252861214,0.023893695214296
2021-10-15,0.0035549520426897347,0.016426921228431268,0.019981873271121
2021-10-19,0.005705053412691209,-0.01977937710385101,-0.0140743236911598
2021-10-20,0.004790265134128175,0.017405473655446223,0.0221957387895744
2021-10-21,0.003028583511566293,0.04523160638945291,0.0482601899010192
2021-10-22,0.005121121455266545,-0.020630196153165647,-0.0155090746978991
2021-10-26,0.004816722368115748,0.02022064647419005,0.0250373688423058
2021-10-27,0.006360305375647205,-0.015215721861924606,-0.0088554164862774
2021-10-28,0.004579555912732841,-0.04195997785840074,-0.0373804219456679
2021-10-29,-0.0016610830154618734,0.04602395405065648,0.0443628710351946
2021-11-02,0.0030119778456742428,0.009656468024184257,0.0126684458698585
2021-11-03,0.002023572537958484,0.03459865821597601,0.0366222307539345
2021-11-04,0.004944718547909586,0.009855236719106715,0.0147999552670163
2021-11-05,0.007897296135184667,-0.006182465431608867,0.0017148307035758
2021-11-09,0.005763260412105862,0.015327222704092536,0.0210904831161984
2021-11-10,0.003878211374845792,-0.011520044501547892,-0.0076418331267021
2021-11-16,0.00014105706490992348,-0.021576374521976926,-0.021435317457067
2021-11-17,0.006092692398710131,-0.049368645675792834,-0.0432759532770827
2021-11-18,0.0034110691090094504,0.00927300792936735,0.0126840770383768
2021-11-19,0.002509323148120178,-0.049727600544456976,-0.0472182773963368
2021-11-23,0.0004747381528606665,-0.02809490824976457,-0.0276201700969039
2021-11-24,-0.001619219763726345,0.034225486011189646,0.0326062662474633
2021-11-30,0.011433154980016935,0.009431592305816064,0.020864747285833
2021-12-01,0.010982314759512604,0.007577430087823895,0.0185597448473365
2021-12-02,-0.004699048272028423,0.006919038901954224,0.0022199906299258
2021-12-03,0.004726836436852212,-0.01611435050701701,-0.0113875140701648
2021-12-07,-0.006617948169490249,0.033660402256996146,0.0270424540875059
2021-12-08,0.00043966602657489177,0.0033679321866564083,0.0038075982132313
2021-12-09,0.0018319228058177026,0.016413480261936196,0.0182454030677539
2021-12-10,-0.0022888834300074804,-0.04547560637875882,-0.0477644898087663
2021-12-14,0.0011676543440952364,-0.05870557068289033,-0.0575379163387951
2021-12-15,-0.0050162085605118464,0.023191381116936048,0.0181751725564242
2021-12-16,0.008179689162921453,0.022600449868596745,0.0307801390315182
2021-12-17,0.0024177255621188228,-0.009725750346092622,-0.0073080247839738
2021-12-21,-0.00301193777352504,0.0030150390839701335,3.101310445093253e-06
2021-12-22,-0.0006459209043815212,0.03326281543971342,0.0326168945353319
2021-12-23,0.0024472011183036334,-0.0035000873189138335,-0.0010528862006102
2021-12-28,0.0019370099677049012,-0.019327231439219304,-0.0173902214715144
2021-12-29,0.001238222027028538,-0.035216571274679136,-0.0339783492476506
2021-12-30,0.002262482213933494,-0.020169613797977493,-0.017907131584044
2022-01-04,0.0037729651090512083,-0.0030176782346230083,0.0007552868744282
2022-01-05,0.008234343241531505,-0.008128550524952904,0.0001057927165786
2022-01-06,0.00019636211359617137,-0.03921298143163767,-0.0390166193180415
2022-01-07,0.002674258217621619,-0.019817918468676317,-0.0171436602510547
2022-01-11,0.002970563366581812,-0.018822056782527814,-0.015851493415946
2022-01-12,0.003820031218647919,0.027261257058698078,0.031081288277346
2022-01-13,0.007822076627814731,0.020368182923375267,0.02819025955119
2022-01-14,-0.0014720890808891957,-0.013499859562721605,-0.0149719486436108
2022-01-19,0.004878303305731236,-0.010617866094543436,-0.0057395627888122
2022-01-20,0.006193395265550905,-0.015388870475780305,-0.0091954752102294
2022-01-21,0.006780438420434531,-0.03231771018315143,-0.0255372717627169
2022-01-25,0.004172984850661386,-0.03391588746584009,-0.0297429026151787
2022-01-26,0.0035579947718620227,0.029041568120392876,0.0325995628922549
2022-01-27,-0.006236066802232006,0.014448893781182005,0.00821282697895
2022-01-28,-0.0031266404243121618,-0.05263288419654854,-0.0557595246208607
2022-02-01,-0.0018229289635766839,0.022762198865807087,0.0209392699022304
2022-02-02,0.003853337635747445,0.017519551351960653,0.0213728889877081
2022-02-03,0.007883092787119274,-0.035999366183913674,-0.0281162733967944
2022-02-04,-0.0017512811398090486,0.014508769425497748,0.0127574882856887
2022-02-08,0.00022656626537037467,0.016050617238106923,0.0162771835034773
2022-02-09,0.00268727082035309,-0.00315559975665809,-0.000468328936305
2022-02-10,0.012473319390952205,0.004053813668944497,0.0165271330598967
2022-02-11,0.007503583025593372,-0.033937504952536876,-0.0264339219269435
2022-02-15,0.0003347258233156642,0.006795417575408836,0.0071301433987245
2022-02-16,0.00228500475385625,0.03589508229219305,0.0381800870460493
2022-02-17,0.010055107265408068,-0.016062110284578768,-0.0060070030191707
2022-02-18,0.0019659005923886217,-0.04614811535989472,-0.0441822147675061
2022-02-23,0.005572980763066218,0.008128232694423882,0.0137012134574901
2022-02-24,-0.008112718017152864,0.003491951927229864,-0.004620766089923
2022-02-25,0.0016841165827466119,-0.0010393981578959118,0.0006447184248507
2022-03-01,0.003748998879821841,0.06498085949608795,0.0687298583759098
2022-03-02,-0.0009357466028241538,0.008881640197699155,0.007945893594875
2022-03-03,0.0016226403413222867,-0.0001801819944295866,0.0014424583468927
2022-03-04,0.0003565023643750221,-0.033562005577010126,-0.0332055032126351
2022-03-08,-0.0028906882707089286,0.0034582752853804287,0.0005675870146715
2022-03-09,0.0034855653707697256,0.015612233212307975,0.0190977985830777
2022-03-10,-0.003532287447308242,0.04076852137304854,0.0372362339257403
2022-03-11,0.0006623140819569417,-0.025829603750347242,-0.0251672896683903
2022-03-15,-0.0026746678018654494,0.019465644006070947,0.0167909762042055
2022-03-16,-0.001297882193463763,0.006989122903470363,0.0056912407100066
2022-03-17,0.004821283776185388,0.02703812885458961,0.031859412630775
2022-03-18,-0.002158538590712708,0.004046059568458108,0.0018875209777454
2022-03-22,-0.00012806631482297173,0.028537217915809373,0.0284091516009864
2022-03-23,0.003226361664577062,0.008938711324338837,0.0121650729889159
2022-03-24,-0.0010470372777324783,0.011078889612526979,0.0100318523347945
2022-03-25,0.002151435772922531,0.00598346331226727,0.0081348990851898
2022-03-29,0.006886917549867498,0.0027662042457949013,0.0096531217956624
2022-03-30,0.00771839219011231,0.00747915850215439,0.0151975506922667
2022-03-31,0.004741531467643678,0.0022098125792229216,0.0069513440468666
2022-04-01,0.000944377907448926,-0.025354902835602926,-0.024410524928154
2022-04-05,0.005267875373917332,-0.008485131775790833,-0.0032172564018735
2022-04-06,0.0032731911884212673,-0.027048817708166667,-0.0237756265197454
2022-04-07,-0.00039218535505801665,-0.039860655482789886,-0.0402528408378479
2022-04-08,0.000947520298176744,0.014166751798049356,0.0151142720962261
2022-04-12,-0.017158186315097083,-0.03186069518163942,-0.0490188814967365
2022-04-13,-0.0222492802224762,0.0353436131486144,0.0130943329261382
2022-04-14,-0.020163503240435664,0.03531715718319366,0.015153653942758
2022-04-19,-0.0219060781611022,0.046084895339415996,0.0241788171783138
2022-04-20,-0.017482629208957674,0.024006432145126873,0.0065238029361692
2022-04-21,-0.017104030036427176,0.015703622722919277,-0.0014004073135079
2022-04-22,-0.014729267421449496,-0.0036424710922001047,-0.0183717385136496
2022-04-26,-0.009712997725793017,0.03236448963429812,0.0226514919085051
2022-04-27,-0.02513757991006924,-0.01459162420545856,-0.0397292041155278
2022-04-28,-0.025546870046574584,0.040563727816805985,0.0150168577702314
2022-04-29,-0.008960955905865904,0.006585595748091304,-0.0023753601577746
2022-05-03,-0.022503516860221864,0.021539977235627665,-0.0009635396245942
2022-05-04,-0.024061029903730734,0.023217931483229932,-0.0008430984205008
2022-05-05,-0.011762742250452771,0.04516119868442467,0.0333984564339719
2022-05-06,-0.019168891747077255,-0.022060394677402943,-0.0412292864244802
2022-05-10,-0.023451257378928125,-0.11595362603009866,-0.1394048834090268
2022-05-11,-0.01689868311132678,-0.006423908737284021,-0.0233225918486108
2022-05-12,-0.025704022767765903,-0.1480857338044542,-0.1737897565722201
2022-05-13,-0.020696085112425815,-0.11517149403054497,-0.1358675791429708
2022-05-17,-0.016051584005916778,-0.01950560012659532,-0.0355571841325121
2022-05-18,-0.011865095208713998,0.0324613283915221,0.0205962331828081
2022-05-19,-0.017897277818834007,-0.029616375204492295,-0.0475136530233263
2022-05-20,-0.01847962066366658,0.04645300123618098,0.0279733805725144
2022-05-24,-0.01714432765229479,0.005988015848002189,-0.0111563118042926
2022-05-25,-0.023405674139296374,0.030617621761477976,0.0072119476221816
2022-05-26,-0.01960219509968385,0.02021848028108535,0.0006162851814015
2022-05-27,-0.01914361728902454,-0.02314678680516846,-0.042290404094193
2022-06-01,-0.021003697946499054,0.015507767078984455,-0.0054959308675146
2022-06-02,-0.0165469559467248,-0.0200767972433684,-0.0366237531900932
2022-06-03,-0.020209881020045468,0.026455562607438067,0.0062456815873926
2022-06-07,-0.02203312329209544,0.02685384909949774,0.0048207258074023
2022-06-08,-0.01899863991843397,0.01969123969276937,0.0006925997743354
2022-06-09,0.0008720412350627394,-0.00647179212696674,-0.005599750891904
2022-06-10,-0.0039206486133558675,-0.004898409960745733,-0.0088190585741016
2022-06-14,-0.004036819485260302,-0.1368969476101521,-0.1409337670954124
2022-06-15,-0.0037039866871134528,-0.028912724290152046,-0.0326167109772655
2022-06-16,0.013433293784828748,-0.018933746008468047,-0.0055004522236393
2022-06-17,-0.00547943109508492,-0.06444232960782238,-0.0699217607029073
2022-06-22,-0.0005811521467479326,0.006956875261958533,0.0063757231152106
2022-06-23,-0.0005387208252916274,-0.009691483933461772,-0.0102302047587534
2022-06-24,-0.0004480030227686296,0.03045790671918333,0.0300099036964147
2022-06-28,4.506784608428963e-05,-0.00864575094807719,-0.0086006831019929
2022-06-29,-0.0021641819582467543,-0.018649098355665847,-0.0208132803139126
2022-06-30,0.001532070258630605,-0.015164686627634904,-0.0136326163690043
2022-07-01,-0.003123063892383148,-0.005964438515012352,-0.0090875024073955
2022-07-06,-0.002970165421659332,0.006796842405631432,0.0038266769839721
2022-07-07,0.0015479405473097228,0.013738782249787177,0.0152867227970969
2022-07-08,4.5596618637943934e-05,0.010291800722735056,0.010337397341373
2022-07-12,0.001943875987060551,-0.03216206423795215,-0.0302181882508916
2022-07-13,0.0008991216043111261,-0.023118438265936726,-0.0222193166616256
2022-07-14,-0.005141102132281134,0.02696022692594703,0.0218191247936659
2022-07-15,0.0007492000788500271,0.021316877382950575,0.0220660774618006
2022-07-19,0.0017497371867346608,0.05668704027253574,0.0584367774592704
2022-07-20,5.294322755069642e-05,0.0029972235517669037,0.0030501667793176
2022-07-21,-0.0013383112036094626,-0.010347598944101238,-0.0116859101477107
2022-07-22,0.004911923937169478,0.008612377235975922,0.0135243011731454
2022-07-26,0.002085256735050643,-0.04545489733224375,-0.0433696405971931
2022-07-27,-0.0014171541381137144,-0.0008908859967444857,-0.0023080401348582
2022-07-28,0.004545078062905386,0.044367790189380814,0.0489128682522862
2022-07-29,0.002374278314919336,0.025598575713887267,0.0279728540288066
2022-08-02,0.00012377009051412646,-0.009518798639732927,-0.0093950285492188
2022-08-03,-0.004656449925669371,-0.012695348900448829,-0.0173517988261182
2022-08-04,0.0045171174693592435,0.007137494846185357,0.0116546123155446
2022-08-05,-0.002111689108937695,0.015143240057698196,0.0130315509487605
2022-08-09,0.002675231061996879,0.0013693045100030207,0.0040445355719999
2022-08-10,0.006204209622273826,-0.034322833984101325,-0.0281186243618275
2022-08-11,0.0028427715040306163,0.04156766746465138,0.044410438968682
2022-08-12,-0.0007027537017074107,-0.0026800437798439897,-0.0033827974815514
2022-08-16,0.0005881402868598581,-0.011222508421210657,-0.0106343681343508
2022-08-17,0.0004246677402789935,0.0021583070499016062,0.0025829747901806
2022-08-18,-6.685625447636069e-05,-0.01822852886087824,-0.0182953851153546
2022-08-19,-0.0009190981723919361,-0.012029604653679464,-0.0129487028260714
2022-08-23,0.005528732516104002,-0.005325039601068502,0.0002036929150355
2022-08-24,-0.0011739473908589624,0.004562110386574362,0.0033881629957154
2022-08-25,-0.0002580887776943125,0.0031935980453981125,0.0029355092677038
2022-08-26,0.0076938462734872475,-0.0011636181230470473,0.0065302281504402
2022-08-30,-0.00027492256883609404,0.029542138758945492,0.0292672161901094
2022-08-31,0.0016686756220479968,-0.004749982526756697,-0.0030813069047087
2022-09-01,-0.0033511474728793286,-0.0026512999469327715,-0.0060024474198121
2022-09-02,0.004693776351714581,0.005449840494549418,0.010143616846264
2022-09-07,-0.0033195256432217266,-0.040591985501968374,-0.0439115111451901
2022-09-08,0.0010809868354287782,0.017064881516814723,0.0181458683522435
2022-09-09,0.004560645126621532,-0.004218601787310332,0.0003420433393112
2022-09-13,0.001143709314950714,-0.009567025983038314,-0.0084233166680876
2022-09-14,0.0007190216379417811,-0.05580245100997908,-0.0550834293720373
2022-09-15,-0.00019436367192222608,-0.019106188592428273,-0.0193005522643505
2022-09-16,0.002510796234811289,-0.022578655375217686,-0.0200678591404064
2022-09-20,0.00284400677695149,0.00454298011000101,0.0073869868869525
2022-09-21,-0.0011692248373869531,-0.001732374903680947,-0.0029015997410679
2022-09-22,-0.0025084928531620815,-0.01845565873434502,-0.0209641515875071
2022-09-23,-0.0013309601278495824,0.03404008409432138,0.0327091239664718
2022-09-27,0.0014548143249287322,0.012937327244650468,0.0143921415695792
2022-09-28,-0.001307478033466807,0.000473738236241707,-0.0008337397972251
2022-09-29,0.006946864467741635,-0.0023804886910265347,0.0045663757767151
2022-09-30,0.0006359257332604354,-0.0007168362526646711,-8.091051940423571e-05
2022-10-04,0.0047174381504267405,0.010150836076032059,0.0148682742264588
2022-10-05,-0.004519301536019147,0.013809976906468747,0.0092906753704496
2022-10-06,0.0019287279215451764,-0.0006907741596643765,0.0012379537618808
2022-10-07,0.0020701055538583537,-0.004407339104965954,-0.0023372335511076
2022-10-12,-0.011116949539846346,0.010636247343340646,-0.0004807021965057
2022-10-13,-0.00849266253538008,0.0022185131432961806,-0.0062741493920839
2022-10-14,-0.01186429322559955,0.0024024397269922487,-0.0094618534986073
2022-10-18,-0.011552778334606502,0.019241346057464304,0.0076885677228578
2022-10-19,-0.010773615787728614,0.0022220839540594128,-0.0085515318336692
2022-10-20,-0.007118972956152011,-0.004071562352222689,-0.0111905353083747
2022-10-21,-0.006636819375733401,-0.0042549469911726985,-0.0108917663669061
2022-10-25,-0.006374372425201981,-0.004977198650880919,-0.0113515710760829
2022-10-26,-0.0045455485979588725,0.03690826468993677,0.0323627160919779
2022-10-27,-0.008579841820664406,0.032156360794801005,0.0235765189741366
2022-10-28,-0.013404953996310866,0.0010473733852106662,-0.0123575806111002
2022-11-01,-0.0012014090478046145,-0.008910569769316085,-0.0101119788171207
2022-11-02,-0.006953129124422392,0.003777917858030692,-0.0031752112663917
2022-11-03,-0.013889371255560147,-0.0009378908294859524,-0.0148272620850461
2022-11-04,-0.002510193051959317,0.009420059087747717,0.0069098660357884
2022-11-08,-0.0007556755509573847,-0.003153996918177815,-0.0039096724691352
2022-11-09,-0.008432343337413212,-0.09301250017463088,-0.1014448435120441
2022-11-10,-0.003620132995180372,-0.11586010983382743,-0.1194802428290078
2022-11-15,-0.0038975143634011012,0.008199040167066601,0.0043015258036655
2022-11-16,-0.010216795480317956,0.01770907606936486,0.0074922805890469
2022-11-17,-0.012611819488717315,-0.0030846799971552836,-0.0156964994858726
2022-11-18,-0.008644705411216206,0.011269019489099006,0.0026243140778828
2022-11-22,-0.0070217700884183595,0.0007904193225995596,-0.0062313507658188
2022-11-23,-0.006629544237034192,0.006466542015520392,-0.0001630022215138
2022-11-29,-0.008736654751105114,-0.0076138589748127854,-0.0163505137259179
2022-11-30,-0.00927691601172947,0.03452043939473637,0.0252435233830069
2022-12-01,0.0030314712000851438,0.010215396069169757,0.0132468672692549
2022-12-02,-0.009257581333918755,0.010510741744058754,0.00125316041014
2022-12-06,-0.007999664999629933,-0.0047663751746022665,-0.0127660401742322
2022-12-07,-0.005519862213007682,0.014765890513085383,0.0092460283000777
2022-12-08,-0.006254939283564697,0.005449295437821097,-0.0008056438457436
2022-12-09,-0.007162039414361943,0.010717223402880742,0.0035551839885188
2022-12-13,0.0026532131157414544,-0.003545178022056854,-0.0008919649063154
2022-12-14,-0.0013405139934800263,0.0040916466099653265,0.0027511326164853
2022-12-15,-0.0006943092179417039,-0.001476330113154596,-0.0021706393310963
2022-12-16,0.0001729738534514167,-0.01629582355567182,-0.0161228497022204
2022-12-20,0.0019352032272960077,-0.017766941777166607,-0.0158317385498706
2022-12-21,-0.0023610737835739514,0.01725274712799205,0.0148916733444181
2022-12-22,0.004381024565826577,-0.004726847928223177,-0.0003458233623966
2022-12-23,0.000796391673165831,-0.0010266535630783311,-0.0002302618899125
2022-12-28,7.867984010532435e-05,-0.005356938754387424,-0.0052782589142821
2022-12-29,0.0020034864810873293,-0.008601976749238328,-0.006598490268151
2022-12-30,0.0028485092802572006,-0.0030373555251905007,-0.0001888462449333
2023-01-04,0.0031292477524444973,-0.002098120100606697,0.0010311276518378
2023-01-05,-0.0020999223686563834,0.018638498363782185,0.0165385759951258
2023-01-06,0.005340531400303143,-0.008266713234752643,-0.0029261818344495
2023-01-10,-0.0009481434261502313,0.009797975759952832,0.0088498323338026
2023-01-11,0.0036079047386409608,0.0012828640386296389,0.0048907687772706
2023-01-12,0.0031371882141145143,0.02326769827691289,0.0264048864910274
2023-01-13,0.003265629627066506,0.0030083180075957945,0.0062739476346623
2023-01-18,0.006534214271968838,-0.003267865599440138,0.0032663486725287
2023-01-19,0.0007625644458807402,-0.02287284308916924,-0.0221102786432885
2023-01-20,0.00413705903102519,0.01144876459779421,0.0155858236288194
2023-01-24,0.002947399465595893,0.002691290568562307,0.0056386900341582
2023-01-25,0.004448036306693487,-0.02021866498493239,-0.0157706286782389
2023-01-26,0.0027947668002905827,0.02294896172629072,0.0257437285265813
2023-01-27,0.004212025481316782,-0.010475504421859082,-0.0062634789405423
2023-01-31,0.0027321305799503847,-0.03438183345618098,-0.0316497028762306
2023-02-01,0.00505049839857937,0.004962606727449831,0.0100131051260292
2023-02-02,0.007293711804439775,0.028499512740335027,0.0357932245447748
2023-02-03,-0.00428785519536372,-0.00467113455304388,-0.0089589897484076
2023-02-07,0.003751376516593989,-0.007988745242707889,-0.0042373687261139
2023-02-08,0.0023207394488818167,0.022044740503345785,0.0243654799522276
2023-02-09,0.002511033258630179,-0.012295833429371779,-0.0097848001707416
2023-02-10,-0.0020217505155876725,-0.042328172675247425,-0.0443499231908351
2023-02-14,-0.003103571295584839,-0.004464836449791461,-0.0075684077453763
2023-02-15,-0.0055840610279231685,0.02258788153195697,0.0170038205040338
2023-02-16,0.002571522487700671,0.05400613341776953,0.0565776559054702
2023-02-17,-0.0009835717083157914,-0.01719949476651031,-0.0181830664748261
2023-02-22,-0.002737348281209871,-0.017875469802228827,-0.0206128180834387
2023-02-23,-0.004026003504500506,-0.001019506028977494,-0.005045509533478
2023-02-24,-0.0027942512160016785,0.0033076167065876783,0.000513365490586
2023-02-28,-0.0010914192511576539,0.0011952703634688538,0.0001038511123112
2023-03-01,0.0040799316896179515,-0.010561925418878551,-0.0064819937292606
2023-03-02,-0.006001660191387835,0.023897076573987035,0.0178954163825992
2023-03-03,-0.0005591694240866998,-0.0071381844439282,-0.0076973538680149
2023-03-07,-0.00593667960944297,0.00458688393995297,-0.00134979566949
2023-03-08,-0.0019321720863390212,-0.002411819453066979,-0.004343991539406
2023-03-09,0.004962905920019922,-0.02525651776051382,-0.0202936118404939
2023-03-10,0.0036176386575969095,-0.052656973261100005,-0.0490393346035031
2023-03-14,-0.0064502763300236686,0.02586014974593697,0.0194098734159133
2023-03-15,-0.003336590286797233,0.012920595723200333,0.0095840054364031
2023-03-16,-0.0036928053973589287,-0.02110976828642437,-0.0248025736837833
2023-03-17,0.004744195815241302,-0.006887458344701402,-0.0021432625294601
2023-03-21,-0.0036770944130654405,0.0032636233253425405,-0.0004134710877229
2023-03-22,0.003771158016232067,0.012738832641505632,0.0165099906577377
2023-03-23,0.006362845173075004,-0.023527956852700704,-0.0171651116796257
2023-03-24,-0.006352485429499623,0.027317091490051022,0.0209646060605514
2023-03-28,0.002469992682089757,-0.021733514039580456,-0.0192635213574907
2023-03-29,-0.001864538678007067,0.012862256410463468,0.0109977177324564
2023-03-30,0.001487208149518986,0.011886803360637114,0.0133740115101561
2023-03-31,-0.0004921766867051936,0.0034591411500595934,0.0029669644633544
2023-04-04,0.0018516668037952102,0.00049854575882389,0.0023502125626191
2023-04-05,-0.0010501793798186076,0.025807410688061107,0.0247572313082425
2023-04-06,-0.001424098682529297,-0.001772622318132403,-0.0031967210006617
2023-04-11,0.006866018160305859,0.00959618315594324,0.0164622013162491
2023-04-12,0.008676942439684823,-0.012403698506574124,-0.0037267560668893
2023-04-13,0.006892997743479444,-0.006356504327897945,0.0005364934155815
2023-04-14,0.00043257066986313936,0.043210871391625466,0.0436434420614886
2023-04-18,0.00580313818704188,-0.02077026975824578,-0.0149671315712039
2023-04-19,0.002213005973992557,0.011252818377642342,0.0134658243516349
2023-04-20,0.006920543335004766,-0.05277238117049647,-0.0458518378354917
2023-04-21,0.001826210317593304,-0.012532923421117904,-0.0107067131035246
2023-04-25,0.004098329916660124,-0.013722712912471223,-0.0096243829958111
2023-04-26,0.005638914818434375,0.006784562454962125,0.0124234772733965
2023-04-27,-6.530174390394653e-05,0.013089888772194247,0.0130245870282903
2023-04-28,0.003157448927407208,-0.0022351724290959082,0.0009222764983113
2023-05-02,0.00591201340020205,-0.02947211704763345,-0.0235601036474314
2023-05-03,0.007774394986139489,0.00452472803083371,0.0122991230169732
2023-05-04,0.007676175043856533,0.007571795434143767,0.0152479704780003
2023-05-05,0.0024121382536264236,-0.005983906733277824,-0.0035717684796514
2023-05-09,0.003396951705210113,-0.029762006931750414,-0.0263650552265403
2023-05-10,0.0034768022617883768,-0.0002669086588944769,0.0032098936028939
2023-05-11,0.0003143795982579652,-0.005842029028817465,-0.0055276494305595
2023-05-12,0.0012245455978528187,-0.01787595150459282,-0.01665140590674
2023-05-16,0.004426599422684048,0.006630178776159551,0.0110567781988436
2023-05-17,-0.0015341502290886805,0.0025100556749563805,0.0009759054458677
2023-05-18,-0.0015793035230824246,0.004206616979234024,0.0026273134561516
2023-05-19,0.006456439718575423,-0.012402090391452923,-0.0059456506728775
2023-05-23,0.003655986610105424,0.004018640113643775,0.0076746267237492
2023-05-24,0.0045450323010873895,0.007463340321235311,0.0120083726223227
2023-05-25,-0.0009636191955734107,-0.02700087142686889,-0.0279644906224423
2023-05-26,0.0023624364112460714,-0.0014689173669465714,0.0008935190442995
2023-05-31,0.0012101606963686598,-0.0020489779709030598,-0.0008388172745344
2023-06-01,0.005287060054686326,-0.03299379385218703,-0.0277067337975007
2023-06-02,0.001618579737067661,-0.004254824379585161,-0.0026362446425175
2023-06-06,0.0022166815025845706,-0.03983698745763887,-0.0376203059550543
2023-06-07,0.003472439936200905,0.022258148947861694,0.0257305888840626
2023-06-08,0.004729074764433788,-0.031787026118474386,-0.0270579513540406
2023-06-09,0.004370599131237636,-0.0027435209704356365,0.001627078160802
2023-06-13,0.005184175127839192,-0.011147680380223393,-0.0059635052523842
2023-06-14,0.004274922353357789,0.0006589373607186113,0.0049338597140764
2023-06-15,0.005409334659843983,-0.03984680209647429,-0.0344374674366303
2023-06-16,0.0017678550716967868,-0.0029959482382821865,-0.0012280931665854
2023-06-21,0.003328463774213372,0.02645061991432473,0.0297790836885381
2023-06-22,0.003037842671556186,0.031907488967650915,0.0349453316392071
2023-06-23,0.002380020516986699,-0.0134706398970279,-0.0110906193800412
2023-06-27,0.0037571052575575826,-0.012438558780986883,-0.0086814535234293
2023-06-28,0.00020599054754869565,0.0026853168956500043,0.0028913074431987
2023-06-29,0.0028125608207294032,-0.021927887797565604,-0.0191153269768362
2023-06-30,0.004558395299577171,0.006433707187066629,0.0109921024866438
2023-07-06,0.0028911705436823975,-0.014515863540679599,-0.0116246929969972
2023-07-07,0.007384616371116735,-0.029033299396891536,-0.0216486830257748
2023-07-11,0.004649343280048898,-0.0019824652053912982,0.0026668780746576
2023-07-12,0.008731823973852259,-0.005591732295714158,0.0031400916781381
2023-07-13,0.00727065929614074,-0.01207364185014434,-0.0048029825540036
2023-07-14,0.004100231947588278,0.03468158456893662,0.0387818165165249
2023-07-18,0.0036533470676320297,-0.006167888438056929,-0.0025145413704249
2023-07-19,0.002048012516839108,-0.009973226649624307,-0.0079252141327852
2023-07-20,0.0017592799939573779,-0.007946528605346177,-0.0061872486113888
2023-07-21,0.00040799068312282133,0.00010836674149147872,0.0005163574246143
2023-07-25,0.0028833000960831533,-0.023484333257041055,-0.0206010331609579
2023-07-26,0.002442692300382271,-0.003118471825520271,-0.000675779525138
2023-07-27,0.004222317229477605,0.0008874800288258952,0.0051097972583035
2023-07-28,0.0018599671426853565,-0.0025498684740794565,-0.0006899013313941
2023-08-01,-5.1853443929027144e-05,-0.016609095024787975,-0.016660948468717
2023-08-02,0.0031679781162797663,-0.012389304196307366,-0.0092213260800276
2023-08-03,0.0010383895716062977,-0.011912844837449598,-0.0108744552658433
2023-08-04,0.008913160972182812,0.002433565791809488,0.0113467267639923
2023-08-08,-0.0005244695118161572,0.008372708774370357,0.0078482392625542
2023-08-09,0.004156703019925287,0.008140371863542713,0.012297074883468
2023-08-10,0.004784969787059843,-0.0046481052074152426,0.0001368645796446
2023-08-11,-0.001792088718724879,0.00862476305630458,0.0068326743375797
2023-08-15,0.004922543587567359,-0.004691999881255959,0.0002305437063114
2023-08-16,0.0028189129553536137,-0.016688160227307916,-0.0138692472719543
2023-08-17,0.003945752660553701,-0.0265688119756411,-0.0226230593150874
2023-08-18,0.002600378401430273,-0.04541776823915467,-0.0428173898377244
2023-08-22,0.0025214834595747105,-0.0072879906194894106,-0.0047665071599147
2023-08-23,0.0024575883299720294,-0.01529403011148863,-0.0128364417815166
2023-08-24,0.002788594832994424,0.016327643383022575,0.019116238216017
2023-08-25,-0.002171031450973354,-0.005040520079439847,-0.0072115515304132
2023-08-29,0.001429586580519686,-0.001206398136536386,0.0002231884439833
2023-08-30,0.0043315104464094895,0.02566689381804091,0.0299984042644504
2023-08-31,-0.0005515974138980051,-0.012546805336093394,-0.0130984027499914
2023-09-01,-0.0013193074727064352,-0.021573824257866664,-0.0228931317305731
2023-09-06,6.10463516024175e-05,0.006208853791321483,0.0062699001429239
2023-09-07,0.0015972328482737024,-0.004852648565833702,-0.00325541571756
2023-09-08,0.0012443322811895327,0.008657531156122668,0.0099018634373122
2023-09-12,0.0032273521035291143,-0.03286477335031941,-0.0296374212467903
2023-09-13,0.001796672183366714,0.016892126655693986,0.0186887988390607
2023-09-14,-0.00010494497312591537,0.008996649131144415,0.0088917041580185
2023-09-15,0.004429541355218296,0.0035403468479718037,0.0079698882031901
2023-09-19,0.0029556776545862683,0.0027081363148102316,0.0056638139693965
2023-09-20,0.005657210494229415,8.972387891628426e-05,0.0057469343731457
2023-09-21,0.0029454705652119727,-0.010852615453506673,-0.0079071448882947
2023-09-22,0.0021948948703137093,-0.02071394723783171,-0.018519052367518
2023-09-26,0.003789703645762589,0.0020257633620395107,0.0058154670078021
2023-09-27,-0.002030786337580248,0.0025649888662146484,0.0005342025286344
2023-09-28,0.0038210709566285105,-0.0035946890376487104,0.0002263819189798
2023-09-29,0.004306655864118046,0.014773071269308753,0.0190797271334268
2023-10-03,0.0018921730042067418,-0.024550814763679943,-0.0226586417594732
2023-10-04,0.0019704208069164365,-0.009586133499915836,-0.0076157126929994
2023-10-05,0.0006603176086991994,0.004089886345280601,0.0047502039539798
2023-10-06,0.004378520030065151,-0.013683752983832051,-0.0093052329537669
2023-10-11,0.0021397431636843585,-0.018794279120514956,-0.0166545359568306
2023-10-12,0.0007574713238307171,-0.009355892407920917,-0.0085984210840902
2023-10-13,0.004498817650115606,-0.019462261018376305,-0.0149634433682607
2023-10-17,0.00508770692064312,0.01205547321038408,0.0171431801310272
2023-10-18,0.0008364196977843981,-0.012192564494600098,-0.0113561447968157
2023-10-19,0.006717438321607305,-0.016065084021033006,-0.0093476456994257
2023-10-20,0.004696715491390164,0.0018092133786170358,0.0065059288700072
2023-10-24,-0.001249590319440236,0.053732856053022235,0.052483265733582
2023-10-25,0.005446698295224839,-0.008208245320921539,-0.0027615470256967
2023-10-26,0.004093713675194956,0.006398092815255444,0.0104918064904504
2023-10-27,0.0080715417952147,-0.0085946206566407,-0.000523078861426
2023-10-31,-0.0013565322950267866,0.016523578130705888,0.0151670458356791
2023-11-01,0.002130331657615643,-0.009971756499634544,-0.0078414248420189
2023-11-02,0.007789320204496516,0.013777199574139583,0.0215665197786361
2023-11-03,0.010399059785810016,-0.028588230786143316,-0.0181891710003333
2023-11-07,0.0021004305642245984,0.002525927065482102,0.0046263576297067
2023-11-08,0.003929690791076649,-0.003848285658423464,8.140513265318486e-05
2023-11-09,0.005742207083444626,0.005920008253677574,0.0116622153371222
2023-11-14,0.010721777788137123,-0.027630042973981625,-0.0169082651858445
2023-11-15,0.006414314551799348,-0.01662895146457685,-0.0102146369127775
2023-11-16,0.003604945266368472,0.033461960376556826,0.0370669056429253
2023-11-17,0.00589168101360819,-0.04326524942868819,-0.03737356841508
2023-11-21,0.004547699776956859,-0.004114789530303859,0.000432910246653
2023-11-22,0.000727032820545681,-0.04335323648136508,-0.0426262036608194
2023-11-28,0.008093268699893614,-0.020313579269913513,-0.0122203105700199
2023-11-29,0.0033862213881298855,0.007302717429706115,0.010688938817836
2023-11-30,0.0017063888497182895,-0.005726720913061989,-0.0040203320633437
2023-12-01,0.006233983452659508,0.0003263792811794919,0.006560362733839
2023-12-05,0.0030623239275983844,0.009621868636636315,0.0126841925642347
2023-12-06,0.007508481999824591,0.015203967320700108,0.0227124493205247
2023-12-07,0.0051324568496843425,-0.02154543301852714,-0.0164129761688428
2023-12-08,0.0031522028548545333,0.026515757959086166,0.0296679608139407
2023-12-12,0.005690612605698418,-0.03270204229191752,-0.0270114296862191
2023-12-13,0.001703619750668259,-0.008055585884842459,-0.0063519661341742
2023-12-14,0.015420469934291591,0.008778868368361108,0.0241993383026527
2023-12-15,0.0034516668117595614,0.01946039436922734,0.0229120611809869
2023-12-19,0.007298301906861561,0.01231049113451874,0.0196087930413803
2023-12-20,0.0063355277446528685,-0.015170612734595468,-0.0088350849899426
2023-12-21,0.006428474330156939,0.014338461547242859,0.0207669358773998
2023-12-22,0.005327572922424265,0.007847234288634635,0.0131748072110589
2023-12-27,0.0066113155033278885,-0.012660083161247587,-0.0060487676579197
2023-12-28,0.0054272312098060105,0.03131515227954509,0.0367423834893511
2023-12-29,0.004836864432033775,-0.018947007821065575,-0.0141101433890318
2024-01-03,0.003479484758716385,-0.006040645628771285,-0.0025611608700549
2024-01-04,0.005445335927455177,-0.05326297274208148,-0.0478176368146263
2024-01-05,0.004862754658491487,0.024034304850628914,0.0288970595091204
2024-01-09,0.0011108149979405393,0.03655294815606696,0.0376637631540075
2024-01-10,0.003984324108941228,-0.0014819287691505275,0.0025023953397907
2024-01-11,0.003252068833848083,0.05375312347853282,0.0570051923123809
2024-01-12,0.007542722892087881,-0.000916680662747681,0.0066260422293402
2024-01-17,0.0022848616628900783,0.012047194132979321,0.0143320557958694
2024-01-18,0.003279043849480967,-0.015129864533364267,-0.0118508206838833
2024-01-19,0.0037951627589542284,-0.023905165972322926,-0.0201100032133687
2024-01-23,-0.0013303238947670667,-0.03576227119551733,-0.0370925950902844
2024-01-24,0.007618903292352684,-0.019462543191025583,-0.0118436398986729
2024-01-25,0.0008007162230395879,0.002819036837552412,0.003619753060592
2024-01-26,0.003814698597977808,-0.003622301660666708,0.0001923969373111
2024-01-30,0.003992381674317516,0.017357323706848886,0.0213497053811664
2024-01-31,0.006130715680710527,-0.009171030260853827,-0.0030403145801433
2024-02-01,0.0030038668314461645,-0.023656130099395566,-0.0206522632679494
2024-02-02,-0.00042997993105523376,0.015043766038798633,0.0146137861077434
2024-02-06,0.0047387647196113596,0.02207048112953994,0.0268092458491513
2024-02-07,0.003451392435896584,0.026860732357868115,0.0303121247937647
2024-02-08,0.002158015610194186,0.021283865065839312,0.0234418806760335
2024-02-09,0.004129814647963288,0.014270198030712613,0.0184000126786759
2024-02-13,0.003660161419655037,0.035495632928780364,0.0391557943484354
2024-02-14,0.0029542024340139124,-0.010469636377707212,-0.0075154339436933
2024-02-15,0.004983999953466327,0.03622925439033847,0.0412132543438048
2024-02-16,0.005069819887562004,-0.0028698646909663035,0.0021999551965957
2024-02-21,0.0041406678510688645,0.004440849795983136,0.008581517647052
2024-02-22,0.0029735631529075068,-0.012113749080235606,-0.0091401859273281
2024-02-23,0.0035835164268585183,-0.002033222380477818,0.0015502940463807
2024-02-27,0.005086118610198654,0.02488754249285985,0.0299736611030585
2024-02-28,0.005084270721973467,0.014686976830606232,0.0197712475525797
2024-02-29,0.004517209619713847,0.03641463577400986,0.0409318453937237
2024-03-01,0.006124358177261082,-0.010020150578397481,-0.0038957924011364
2024-03-05,0.0076218339472017005,0.0220338231730265,0.0296556571202282
2024-03-06,0.009351984288153667,-0.03558866025511077,-0.0262366759669571
2024-03-07,0.007287324943959635,0.055178290761830964,0.0624656157057906
2024-03-08,0.00796957144280661,0.0014058334450225887,0.0093754048878292
2024-03-12,0.002661966458815769,0.041679577131829626,0.0443415435906454
2024-03-13,0.006999508436440158,-0.023562727109246555,-0.0165632186728064
2024-03-14,0.0051197390596232255,0.010206946392634173,0.0153266854522574
2024-03-15,0.005230291736986485,-0.027149057635237783,-0.0219187658982513
2024-03-19,0.0017995116086626896,-0.02783783413586979,-0.0260383225272071
2024-03-20,0.0038318631807365945,-0.0847889247440421,-0.0809570615633055
2024-03-21,0.005416136767071199,0.0867500177685315,0.0921661545356027
2024-03-22,0.002874082485449048,-0.01185423013739605,-0.008980147651947
2024-03-26,0.004421016766297872,0.03455947294880773,0.0389804897151056
2024-03-27,0.004636234119349737,-0.0032936356907015372,0.0013425984286482
2024-03-28,0.0051695995899684296,-0.02054598044548443,-0.015376380855516
2024-04-02,0.007683304231220049,-0.03279863125282705,-0.025115327021607
2024-04-03,0.006016134640041881,-0.05317317861385728,-0.0471570439738154
2024-04-04,0.009323342441664339,-0.000384329077332839,0.0089390133643315
2024-04-05,0.0021995728375148282,0.005636749706943372,0.0078363225444582
2024-04-09,0.004321376534323033,0.04843818448397397,0.052759561018297
2024-04-10,0.00048080322193880416,-0.0336761155542431,-0.0331953123323043
2024-04-11,0.0028391387270994585,0.007055863186123541,0.009895001913223
2024-04-12,0.004210684843470652,0.0016387138368695485,0.0058493986803402
2024-04-16,-0.0015981135984595664,-0.002147969595077834,-0.0037460831935374
2024-04-17,0.004100134080038542,-0.015405831534382441,-0.0113056974543439
2024-04-18,0.003653451324476026,-0.024105931632918624,-0.0204524803084426
2024-04-19,0.0038112999370592863,0.020358363891279416,0.0241696638283387
2024-04-23,0.004121831389055878,0.012112342358915121,0.016234173747971
2024-04-24,0.0033835398938524075,0.0026011911878355927,0.005984731081688
2024-04-25,0.0033367687691579395,-0.03233083978289944,-0.0289940710137415
2024-04-26,0.002753929896693777,0.004501134428141423,0.0072550643248352
2024-04-30,0.002539072512901172,-0.022000223395699472,-0.0194611508827983
2024-05-01,0.0030330372123583875,-0.05734320767066909,-0.0543101704583107
2024-05-02,0.005369324976728668,-0.006860195487825968,-0.0014908705110973
2024-05-03,0.0020683912118751252,0.013099063184181674,0.0151674543960568
2024-05-07,0.0020745498324798704,-0.01788584085047307,-0.0158112910179932
2024-05-08,0.0026005781161118615,-0.015195473516350661,-0.0125948954002388
2024-05-09,0.0030451051293083676,-0.02191242346485717,-0.0188673183355488
2024-05-10,0.003551950984650046,0.015321706905466055,0.0188736578901161
2024-05-14,0.003313320471132569,-0.002122453214489269,0.0011908672566433
2024-05-15,0.005577752006745115,-0.023204480859609716,-0.0176267288528646
2024-05-16,0.0042126285353699805,0.04025525316968612,0.0444678817050561
2024-05-17,0.00296982700457695,-0.012546669687747949,-0.009576842683171
2024-05-21,0.0034387171709693355,0.10326539279529307,0.1067041099662624
2024-05-22,0.004952429792532812,0.011291298058151187,0.016243727850684
2024-05-23,0.004815443922225011,-0.0021654347907582106,0.0026500091314668
2024-05-24,0.004694925230639143,-0.011934877798149744,-0.0072399525675106
2024-05-29,0.0018936343901866171,-0.012099357833155118,-0.0102057234429685
2024-05-30,0.005962390025929749,-0.01917935021057245,-0.0132169601846427
2024-05-31,0.000805961558536534,-0.002482837089506334,-0.0016768755309698
2024-06-04,0.0019387310642634524,-0.0033950979931755523,-0.0014563669289121
2024-06-05,0.004592129184105967,0.010822535643374933,0.0154146648274809
2024-06-06,0.005360240888253928,0.006643135024515071,0.012003375912769
2024-06-07,-0.0036115188833128753,-0.003913765814434025,-0.0075252846977469
2024-06-11,0.003491348531383239,-0.018373586942453238,-0.01488223841107
2024-06-12,0.004120376555689416,-0.031063815373543618,-0.0269434388178542
2024-06-13,0.002671594870476507,0.013988454273655693,0.0166600491441322
2024-06-14,0.004269754127766398,-0.0239379732530039,-0.0196682191252375
2024-06-18,0.0047617894329305835,-0.027277175540152583,-0.022515386107222
2024-06-21,0.003575012397245733,-0.017690738910861134,-0.0141157265136154
2024-06-25,0.00024386152094516713,-0.020597787838850867,-0.0203539263179057
2024-06-26,-0.001294723698262922,0.019741622022634922,0.018446898324372
2024-06-27,0.0012087089681418496,-0.009880651576079348,-0.0086719426079375
2024-06-28,0.003019872778485905,0.008447022285944596,0.0114668950644305
2024-07-02,0.003505888942256373,0.002222682831017427,0.0057285717732738
2024-07-03,0.005982191236209847,-0.016784562087489147,-0.0108023708512793
2024-07-09,0.0010331095051081716,0.02386931406883363,0.0249024235739418
2024-07-10,0.00302858135134912,0.01000728545230918,0.0130358668036583
2024-07-11,0.003933756074629327,0.004329423672578473,0.0082631797472078
2024-07-12,0.0024970934419655537,-0.0007055381178436538,0.0017915553241219
2024-07-16,0.002355538748635338,0.03172082495071526,0.0340763636993506
2024-07-17,0.007213560811562874,0.0019335361042121255,0.009147096915775
2024-07-18,0.004637311142998072,-0.012886780191529472,-0.0082494690485314
2024-07-19,0.002119522397466257,-0.003779839748650357,-0.0016603173511841
2024-07-23,0.002745306962052677,-0.012350210800430276,-0.0096049038383776
2024-07-24,0.00882984453058719,-0.01066635970375839,-0.0018365151731712
2024-07-25,0.004992335015096738,-0.03603384467572244,-0.0310415096606257
2024-07-26,-0.00047153545139468826,-0.01674304707596481,-0.0172145825273595
2024-07-30,0.005032449369022597,0.002993918140756004,0.0080263675097786
2024-07-31,0.005482047331117157,-0.02082043713127866,-0.0153383898001615
2024-08-01,0.005632609935676256,-0.023596931379230954,-0.0179643214435547
2024-08-02,0.013552138281050445,-0.024522036259393643,-0.0109698979783432
2024-08-06,-0.01759201403191081,-0.038760917170755686,-0.0563529312026665
2024-08-07,0.0018421121768715642,0.03026438307231393,0.0321064952491855
2024-08-08,-0.004399183297452118,-0.026206135683841884,-0.030605318981294
2024-08-09,-0.0013166298639344202,0.07712195090520632,0.0758053210412719
2024-08-13,-0.0021451070882156534,0.024365142060489953,0.0222200349722743
2024-08-14,0.0018185103873312456,0.017216399878216854,0.0190349102655481
2024-08-15,-0.0013378196680306164,-0.021560210644523882,-0.0228980303125545
2024-08-16,0.001721658914054687,-0.013862187758214886,-0.0121405288441602
2024-08-20,0.003983017481080825,-0.004202669047976225,-0.0002196515668954
2024-08-21,0.0014464975835911135,-0.0039844117565224135,-0.0025379141729313
2024-08-22,-4.1777944527768576e-05,0.01928256245756627,0.0192407845130385
2024-08-23,0.004802495502681191,-0.008346618056870092,-0.0035441225541889
2024-08-27,0.00046006569142819644,-0.025020896151699796,-0.0245608304602716
2024-08-28,0.005110429501482968,-0.06524591696582037,-0.0601354874643374
2024-08-29,-0.0034615235233589883,0.009428008549703588,0.0059664850263446
2024-08-30,-0.0005304634742336296,0.0009050751717825296,0.0003746116975489
2024-09-04,0.0037595524595485075,-0.029594093407674008,-0.0258345409481255
2024-09-05,-0.0009899916206749387,0.010962226098743939,0.009972234478069
2024-09-06,0.005177957240917262,-0.02596581722323906,-0.0207878599823218
2024-09-10,-0.0014692436211524622,0.02892275387362926,0.0274535102524768
2024-09-11,0.0005772000176943487,0.005894960695991352,0.0064721607136857
2024-09-12,0.002815236863980025,-0.009691257474861926,-0.0068760206108819
2024-09-13,0.005580615205544866,0.0038737557665745343,0.0094543709721194
2024-09-17,0.001966563355511504,-0.025105952062666304,-0.0231393887071548
2024-09-18,0.002803661037380643,0.019143893922029958,0.0219475549594106
2024-09-19,0.0006052130160647432,-0.0004844573176283432,0.0001207556984364
2024-09-20,0.0015119902996108033,0.035091110518401095,0.0366031008180119
2024-09-24,0.003570840650193413,0.018607307277502087,0.0221781479276955
2024-09-25,0.0006977565060565097,0.007169837458342191,0.0078675939643987
2024-09-26,0.005354558693961544,-0.023729386860087142,-0.0183748281661256
2024-09-27,0.005001763288197916,0.019808749078673082,0.024810512366871
2024-10-01,0.0026849384565227445,-0.023040468880595244,-0.0203555304240725
2024-10-02,0.002537875460228062,-0.042047930072746556,-0.0395100546125185
2024-10-03,0.0010969034487538602,-0.03023563416279666,-0.0291387307140428
2024-10-04,-0.0012666637183991257,-0.002092445696908974,-0.0033591094153081
2024-10-08,-0.0013213946190217694,0.00771261652824467,0.0063912219092229
2024-10-09,-0.00012088409548237125,-0.010137593631834628,-0.010258477727317
2024-10-10,0.0010116131989485872,-0.02120050307511939,-0.0201888898761708
2024-10-11,0.001557502846072546,-0.003779195553840146,-0.0022216927077676
2024-10-16,-0.0011503574864524585,-0.010082723997200442,-0.0112330814836529
2024-10-17,0.0017953464282744953,-0.0024523558468480954,-0.0006570094185736
2024-10-18,0.003055268550969062,-0.017654541428272164,-0.0145992728773031
2024-10-22,0.003908736116098252,-0.0026094253866590523,0.0012993107294392
2024-10-23,0.0036656661447342274,-0.00371985967160315,-5.419352686892271e-05
2024-10-24,0.004595103995409443,-0.02854473765995474,-0.0239496336645453
2024-10-25,0.0051375717320425954,0.011170394843921306,0.0163079665759639
2024-10-29,0.002760147055300824,0.014749617052845977,0.0175097641081468
2024-10-30,0.005928164123674857,0.01719246847040344,0.0231206325940783
2024-10-31,0.009163385331028225,-0.003915303158361025,0.0052480821726672
2024-11-01,0.0005709199550585297,-0.03612829661893323,-0.0355573766638747
2024-11-05,0.0017665752157459858,-0.023959093352066987,-0.022192518136321
2024-11-06,-0.010452226149549137,0.031870739942894334,0.0214185137933452
2024-11-07,0.008119454593210314,0.07493902485009589,0.0830584794433062
2024-11-08,-0.0009987713746808101,0.03119383231549221,0.0301950609408114
2024-11-13,0.003333356859186045,-0.008341022889046345,-0.0050076660298603
2024-11-14,0.006128829904121002,-0.019831168536894202,-0.0137023386327732
2024-11-15,0.010041584903485746,-0.034730486973450346,-0.0246889020699646
2024-11-19,0.008033983145800744,0.016548719050384957,0.0245827021961857
2024-11-20,0.00425917753559637,-0.016496625213054568,-0.0122374476774582
2024-11-21,0.003522496499010861,-0.006382933854881661,-0.0028604373558708
2024-11-22,0.00026864763744261947,0.06328021538527588,0.0635488630227185
2024-11-26,0.00181123099608214,-0.015437387641913838,-0.0136261566458317
2024-11-27,0.008984567568515438,-0.02261469803588364,-0.0136301304673682
2024-12-03,0.006520785529189862,-0.019929338841708562,-0.0134085533125187
2024-12-04,0.006776098932214706,0.0595291344600362,0.0663052333922509
2024-12-05,0.00761103178878277,-0.018001822799149268,-0.0103907910103665
2024-12-06,0.0028282220110045827,-0.011228056694516382,-0.0083998346835118
2024-12-10,0.002873148976682577,-0.08011152157762437,-0.0772383726009418
2024-12-11,0.004770962611475015,-0.0050076763600567144,-0.0002367137485817
2024-12-12,0.004796263200737188,0.048781731912702714,0.0535779951134399
2024-12-13,0.003051362958124662,0.0065636861961474394,0.0096150491542721
2024-12-17,0.005975874136291676,0.010785361215964524,0.0167612353522562
2024-12-18,0.025084440387678236,-0.04606443332432483,-0.0209799929366466
2024-12-19,-0.006957816958768402,-0.045875180022328495,-0.0528329969810969
2024-12-20,-0.00040775259438113404,-0.04889230985550207,-0.0493000624498832
2024-12-24,-0.00040731723228743075,0.03234034355304063,0.0319330263207532
2024-12-27,0.006095273423869342,-0.04235439968425964,-0.0362591262603903
2024-12-31,0.0009230459331441962,-0.0074863830937003965,-0.0065633371605562
2025-01-03,0.0010553140313335487,0.02243013307757705,0.0234854471089106
2025-01-07,0.0063168413407912885,0.006630711750542611,0.0129475530913339
2025-01-08,0.0007665535740417439,-0.06783613285061595,-0.0670695792765742
2025-01-09,0.002717002237094147,-0.018178736246136248,-0.0154617340090421
2025-01-10,0.0022405988571678605,-0.02887108124178796,-0.0266304823846201
2025-01-14,0.005980073915871868,-0.027482140667313765,-0.0215020667514419
2025-01-15,-0.0005094226369493351,0.028417628318085635,0.0279082056811363
2025-01-16,0.00279099889976437,0.04883743083141093,0.0516284297311753
2025-01-17,0.0022710678180831887,-0.02108326180244469,-0.0188121939843615
2025-01-22,0.004319587537956171,0.018559254191287726,0.0228788417292439
2025-01-23,0.00491807806905517,-0.015045843984741371,-0.0101277659156862
2025-01-24,0.008104226946503845,0.0002348620371677556,0.0083390889836716
2025-01-28,-0.00035626395068455067,-0.02693816897499475,-0.0272944329256793
2025-01-29,0.003342575903849686,-0.022916968018882388,-0.0195743921150327
2025-01-30,0.003700085968393174,0.014248827205305625,0.0179489131736988
2025-01-31,0.0019895900719612315,0.02491466848326297,0.0269042585552242
2025-02-04,0.005582246193793377,0.020663479270433625,0.026245725464227
2025-02-05,0.0019584484081788542,-0.036469338421009856,-0.034510890012831
2025-02-06,0.0006255797168030137,0.006536897195999086,0.0071624769128021
2025-02-07,0.002569851376820124,-0.005680358188871324,-0.0031105068120512
2025-02-11,0.0032203776145532078,0.011082290276683993,0.0143026678912372
2025-02-12,0.0022541992046965316,-0.01440379424151143,-0.0121495950368149
2025-02-13,0.0031047512202430016,0.0313433262480749,0.0344480774683179
2025-02-14,0.006074620905253006,-0.019344439858575407,-0.0132698189533224
2025-02-19,-0.001053261575599035,-0.014744580137503663,-0.0157978417131027
2025-02-20,0.00614804890471218,0.011344808933429519,0.0174928578381417
2025-02-21,0.006172970422168003,0.006030026505631897,0.0122029969277999
2025-02-25,0.0016902008261434416,-0.07524081385393645,-0.073550613027793
2025-02-26,0.0005512863320678903,-0.01835491623382099,-0.0178036299017531
2025-02-27,-0.000468189565233368,-0.04681912349248493,-0.0472873130577183
2025-02-28,-0.004902581582302214,0.002481320957137914,-0.0024212606251643
2025-03-04,0.0007599871645916119,-0.1018956239546402,-0.1011356367900486
2025-03-05,0.006443307819745519,-0.0010592374179579193,0.0053840704017876
2025-03-06,0.007751240501409268,0.023494651325908233,0.0312458918273175
2025-03-07,-0.00126080145078648,-0.02236031302876712,-0.0236211144795536
2025-03-11,-4.1808836449075405e-05,-0.043627072346127824,-0.0436688811825769
2025-03-12,-0.0030793175213098814,0.03227128352099098,0.0291919659996811
2025-03-13,0.0009506714664954231,0.003351543093304577,0.0043022145598
2025-03-14,-0.0012899149986280343,-0.006515113537202866,-0.0078050285358309
2025-03-18,0.002181071253082605,0.013071448588086695,0.0152525198411693
2025-03-19,-0.004070985728580288,0.003970603214848188,-0.0001003825137321
2025-03-20,-0.00045267381468541847,0.030040246366312518,0.0295875725516271
2025-03-21,-0.0007252408071145707,-0.025238185959610627,-0.0259634267667252
2025-03-25,0.0019954774304421067,0.03208486823305729,0.0340803456634994
2025-03-26,0.002627274404781201,0.0060929567915156,0.0087202311962968
2025-03-27,0.0016309805670439177,-0.015208541301813818,-0.0135775607347699
2025-03-28,0.00611881492794748,-0.00985767958321128,-0.0037388646552638
2025-04-01,0.0018128566988924195,0.02126906447348268,0.0230819211723751
2025-04-02,0.0008639531637057482,0.017749022100612553,0.0186129752643183
2025-04-03,0.0266922966396526,-0.056618444894664,-0.0299261482550114
2025-04-04,0.019986298844464106,-0.011665876776299105,0.008320422068165
2025-04-08,0.009391775578222204,-0.014194723978852004,-0.0048029484006298
2025-04-09,-0.030349459707569495,0.0028198769448189963,-0.0275295827627505
2025-04-10,0.022010219029388694,0.0456473148483485,0.0676575338777372
2025-04-11,0.002758108723875203,-0.043720052347876605,-0.0409619436240014
2025-04-15,-0.0012983926113485354,0.0021144010362024353,0.0008160084248539
2025-04-16,0.008788015034729271,-0.01348432770468437,-0.0046963126699551
2025-04-17,-0.0035982158064387236,-0.006722237118470377,-0.0103204529249091
2025-04-22,-0.004978993117653057,-0.0023401816070382437,-0.0073191747246913
2025-04-23,-0.005776278503525406,0.0680565506758316,0.0622802721723062
2025-04-24,0.0005959855487238101,0.013136005291557791,0.0137319908402816
2025-04-25,0.0002439251181106903,0.00976871071705911,0.0100126358351698
2025-04-29,0.0013002311666330416,0.004410256747778259,0.0057104879144113
2025-04-30,0.003504336547928105,-0.010939397554317106,-0.007435061006389
2025-05-01,-0.0013793128135185077,7.988536470030774e-05,-0.0012994274488182
2025-05-02,0.0029691815500983397,0.01685718499332116,0.0198263665434195
2025-05-06,0.00553194068857539,-0.00986294027064839,-0.004330999582073
2025-05-07,3.9802400203092416e-05,0.00012543282860350759,0.0001652352288066
2025-05-08,-0.0028608517806486254,-0.006789535559134774,-0.0096503873397834
2025-05-09,0.0035249992779411,0.0941136544670944,0.0976386537450355
2025-05-13,0.006465657580410488,-0.02314304560799669,-0.0166773880275862
2025-05-14,0.005887689932915958,0.03227242122730495,0.0381601111602209
2025-05-15,0.001274914129681444,-0.025548766618242645,-0.0242738524885612
2025-05-16,0.000703093691325414,-0.019335028322996415,-0.018631934631671
2025-05-20,0.004131288948228845,0.0060281260248085545,0.0101594149730374
2025-05-21,0.011886293156655202,-0.005185031964338302,0.0067012611923169
2025-05-22,0.0004069624865162517,0.017112030044964747,0.017518992531481
2025-05-23,0.011207283016949768,0.008232323320067533,0.0194396063370173
2025-05-28,0.0016608164130536174,0.014708088590984183,0.0163689050040378
2025-05-29,0.005877801470557813,-0.008909616648441213,-0.0030318151778834
2025-05-30,0.0011267133042613766,-0.02372625820594878,-0.0225995449016874
2025-06-03,-5.610162124378785e-05,-0.004421485488340812,-0.0044775871095846
2025-06-04,0.005373102623752044,-0.010784485925949445,-0.0054113833021974
2025-06-05,0.004860285218950149,-0.004698622473445748,0.0001616627455044
2025-06-06,-0.00183971073643618,-0.043880428923620325,-0.0457201396600565
2025-06-10,0.0015389415080243347,0.03685888544974437,0.0383978269577687
2025-06-11,0.006926418962271828,0.02150407697520567,0.0284304959374775
2025-06-12,0.007469603125529734,-0.014281286009027234,-0.0068116828834975
2025-06-13,0.0072029299307832416,-0.05737992574567954,-0.0501769958148963
2025-06-17,0.004688561273314352,0.015748305048218447,0.0204368663215328
2025-06-18,-0.000881254917762335,-0.014513298875640266,-0.0153945537934026
2025-06-24,0.0030140301817141116,0.05472686651031519,0.0577408966920293
2025-06-25,0.0018906728032052295,0.013465641247244671,0.0153563140504499
2025-06-26,0.007237920481352256,-0.008776200342857556,-0.0015382798615053
2025-06-27,0.0029379710340805515,-0.014904433620174552,-0.011966462586094
2025-07-01,0.0035770120156793637,-0.007305541435458564,-0.0037285294197792
2025-07-02,0.0027832453168279733,-0.022774251168114972,-0.019991005851287
2025-07-03,0.002769449131556695,0.031635266168471704,0.0344047153000284
2025-07-08,0.00041266012232678447,-0.009782604122943784,-0.009369944000617
2025-07-09,0.0022332322039226166,0.014781308239396183,0.0170145404433188
2025-07-10,0.002140487409217364,0.03150943426957503,0.0336499216787924
2025-07-11,0.003907867216671151,0.035810143220600055,0.0397180104372712
2025-07-15,0.0022807824891975543,0.0012492728751117457,0.0035300553643093
2025-07-16,0.004040832142485844,0.009112857958650055,0.0131536901011359
2025-07-17,0.001067280130058838,0.02696661649521376,0.0280338966252726
2025-07-18,0.00553648186580018,0.010648081208546017,0.0161845630743462
2025-07-22,0.005546834839253262,-0.005854659997105062,-0.0003078251578518
2025-07-23,0.0025742245422155662,0.007976251112228334,0.0105504756544439
2025-07-24,0.003971112801191955,-0.028779359839395256,-0.0248082470382033
2025-07-25,0.00016360266251952266,-0.003872012068550223,-0.0037084094060307
2025-07-29,0.0032886655797913747,-0.024835451315191975,-0.0215467857354006
2025-07-30,0.00011725406941294089,-0.002790987273609841,-0.0026737332041969
2025-07-31,0.003973376376285202,-0.005474406954177902,-0.0015010305778927
2025-08-01,0.013399227361686715,-0.03512351206461502,-0.0217242847029283
2025-08-05,0.00474122795145116,0.02865939098686974,0.0334006189383209
2025-08-06,0.004168542688042907,-0.013248837560367106,-0.0090802948723242
2025-08-07,0.0027155889949283156,0.012956725490301885,0.0156723144852302
2025-08-08,0.002212179310080456,0.04206238477107734,0.0442745640811578
2025-08-12,0.005275318122483839,-0.013093818090879339,-0.0078184999683955
2025-08-13,0.005576056905550531,0.04017779180056567,0.0457538487061162
2025-08-14,0.0025660045988988092,0.01806326752240309,0.0206292721213019
2025-08-15,0.007948543765227686,-0.03827348016380959,-0.0303249363985819
2025-08-19,0.004138053536985739,-0.02223913800991304,-0.0181010844729273
2025-08-20,0.0037937579232415193,-0.040544024143490016,-0.0367502662202485
2025-08-21,0.002734562207740744,0.03351793555124546,0.0362524977589862
2025-08-22,0.004738120232249875,-0.013287676363311476,-0.0085495561310616
2025-08-26,0.001899349496463318,-0.04657390096092871,-0.0446745514644654
2025-08-27,0.0020372825477871196,0.02726363937694928,0.0293009219247364
2025-08-28,0.005486011402680197,-0.008287240454637397,-0.0028012290519572
2025-08-29,0.0048943880849885305,0.0031292900562148703,0.0080236781412034
2025-09-03,0.0023086710906828037,0.005481333495088796,0.0077900045857716
2025-09-04,-0.0005715262727295171,0.023405045575134918,0.0228335193024054
2025-09-05,0.006639674542324663,-0.026598448773726864,-0.0199587742314022
2025-09-09,0.0020181388965790927,0.003639059210943107,0.0056571981075222
2025-09-10,0.003107134850639766,-0.0030823960123637683,2.4738838275997885e-05
2025-09-11,0.0024149992030480425,0.010604232802605458,0.0130192320056535
2025-09-12,0.002097698471977979,0.014519248566251721,0.0166169470382297
2025-09-16,0.006619800993127535,-0.016598952303989736,-0.0099791513108622
2025-09-17,0.0012934639786043986,-0.0016120296817054985,-0.0003185657031011
2025-09-18,-0.0007521751142338903,0.01698368232845929,0.0162315072142254
2025-09-19,0.001301607459259101,0.0037896845081296987,0.0050912919673888
2025-09-23,0.004397081114274206,-0.04104719704475401,-0.0366501159304798
2025-09-24,-0.0023743288165995907,-0.01114886529646371,-0.0135231941130633
2025-09-25,0.0006414172015876831,0.0007950557136065169,0.0014364729151942
2025-09-26,0.00031306449442915294,-0.035334963896740054,-0.0350218994023109
2025-09-30,0.002560660086783734,0.009718111551045665,0.0122787716378294
2025-10-01,0.0014185814645951043,-0.005819207977401504,-0.0044006265128064
2025-10-02,0.0011151290980621403,0.03670491259159706,0.0378200416896592
2025-10-03,0.0055878424930101075,0.014749966871525893,0.020337809364536
2025-10-07,0.003954379633496656,0.021746781661717045,0.0257011612952137
2025-10-08,0.0002978921451458588,-0.02319063862831566,-0.0228927464831698
2025-10-09,0.0013554068437203548,0.009209623761767247,0.0105650306054876
2025-10-10,0.012668155725957784,-0.03793379425704459,-0.0252656385310868
2025-10-15,0.0036053088914883343,-0.022466571076679834,-0.0188612621851915
2025-10-16,0.010904298220164041,-0.04364107344180344,-0.0327367752216394
2025-10-17,-0.006843908565747743,-0.012311609366324257,-0.019155517932072
2025-10-21,-0.0013137871358440867,0.015137430744375487,0.0138236436085314
2025-10-22,0.002599929907244992,-0.02542256433276269,-0.0228226344255177
2025-10-23,-0.001803392885764984,-0.016946671466874518,-0.0187500643526395
2025-10-24,-0.0005426381557765118,0.014594458305022212,0.0140518201492457
2025-10-28,0.004497694311861222,-0.00932581368139582,-0.0048281193695346
2025-10-29,0.003832545335537511,-0.02392110809536991,-0.0200885627598324
2025-10-30,-0.0025919829842545815,-0.004862259417412218,-0.0074542424016668
2025-10-31,0.001521774540706367,-0.022002696370135768,-0.0204809218294294
2025-11-04,0.002577696312670545,-0.061102321613709244,-0.0585246253010387
2025-11-05,-0.0013026791451221105,-0.07409449536460619,-0.0753971745097283
2025-11-06,0.004237435733860797,0.004549887235370404,0.0087873229692312
2025-11-07,0.002191549324344072,-0.022951704271766373,-0.0207601549474223
2025-11-13,0.006796989649351866,-0.010263915121074666,-0.0034669254717228
2025-11-14,-0.001418047689076609,-0.02100843241115579,-0.0224264801002324
2025-11-18,0.0035347569663870303,-0.02347296119095263,-0.0199382042245656
2025-11-19,-0.003637210752315166,0.028105970594990665,0.0244687598426755
2025-11-20,0.0037717853635462983,-0.023079284491977697,-0.0193074991284314
2025-11-21,-0.006308380738911302,-0.027767078117660396,-0.0340754588565717
2025-11-25,-0.0010821520289970765,0.03412241920783768,0.0330402671788406
2025-11-26,0.0006959210067311718,0.0003770979633805282,0.0010730189701117
2025-12-02,-0.001375954452835707,-0.03616837920175289,-0.0375443336545886
2025-12-03,0.002552774139032365,0.04136666476017434,0.0439194388992067
2025-12-04,0.0009014734145131356,0.037170166981439864,0.038071640395953
2025-12-05,0.0002179535294556081,-0.013200817770210208,-0.0129828642407546
2025-12-09,0.0014079238683229543,0.004320777479520346,0.0057287013478433
2025-12-10,-0.0014905212348148608,0.03092811422992026,0.0294375929951054
2025-12-11,0.0036919492964671207,-0.010172388441564621,-0.0064804391450975
2025-12-12,0.001354106564080384,-0.004687405076114084,-0.0033332985120337
2025-12-16,0.00046175726663544466,-0.027227902006937043,-0.0267661447403016
2025-12-17,-2.92947131995132e-05,0.008355292534399712,0.0083259978212002
2025-12-18,-0.0005600648082465833,-0.02431941517621552,-0.0248794799844621
2025-12-19,-0.003999145619339589,-0.0008471708876767112,-0.0048463165070163
2025-12-23,0.002247322026156545,-0.005852981288495645,-0.0036056592623391
2025-12-24,0.0012995885927540734,-0.02098810081115137,-0.0196885122183973
2025-12-30,0.001298155467009666,-0.017681586074634267,-0.0163834306076246
2025-12-31,-0.00021801735373209414,-0.0011330311329894058,-0.0013510484867215
